集計開始,集計終了,酒田,酒田,酒田,酒田,酒田,酒田,酒田,酒田,酒田,酒田,酒田,酒田,酒田,酒田,酒田,酒田,酒田,酒田,飛島,飛島,飛島,飛島,飛島,飛島,飛島,飛島,飛島,飛島,飛島,飛島,飛島,飛島,飛島
年月日,年月日,日最高気温の平均(℃),日最高気温の平均(℃),日最高気温の平均(℃),日最低気温の平均(℃),日最低気温の平均(℃),日最低気温の平均(℃),降水量の合計(mm),降水量の合計(mm),降水量の合計(mm),降水量の合計(mm),日降水量の最大(mm),日降水量の最大(mm),日降水量の最大(mm),日降水量の最大(mm),日照時間(時間),日照時間(時間),日照時間(時間),日照時間(時間),日最高気温の平均(℃),日最高気温の平均(℃),日最高気温の平均(℃),日最低気温の平均(℃),日最低気温の平均(℃),日最低気温の平均(℃),降水量の合計(mm),降水量の合計(mm),降水量の合計(mm),日降水量の最大(mm),日降水量の最大(mm),日降水量の最大(mm),日照時間(時間),日照時間(時間),日照時間(時間)
,,,,,,,,,,,,,,,,,,,,,,,,,,,,,,,,,,
,,,品質情報,均質番号,,品質情報,均質番号,,現象なし情報,品質情報,均質番号,,現象なし情報,品質情報,均質番号,,現象なし情報,品質情報,均質番号,,品質情報,均質番号,,品質情報,均質番号,,品質情報,均質番号,,品質情報,均質番号,,品質情報,均質番号
2015/1/1,2015/1/10,3.9,8,1,-0.9,8,1,55.5,0,8,1,13.5,0,8,1,5.6,0,8,1,3.6,8,1,-0.5,8,1,22.0,8,1,9.0,8,1,5.0,8,1
2015/1/11,2015/1/20,4.9,8,1,-0.3,8,1,26.5,0,8,1,9.5,0,8,1,5.6,0,8,1,5.3,8,1,0.7,8,1,16.0,8,1,6.5,8,1,8.9,8,1
2015/1/21,2015/1/31,5.1,8,1,0.0,8,1,69.0,0,8,1,45.5,0,8,1,18.5,0,8,1,5.5,8,1,0.4,8,1,28.5,8,1,14.0,8,1,14.1,8,1
2015/2/1,2015/2/10,4.1,8,1,-0.8,8,1,30.5,0,8,1,12.0,0,8,1,18.3,0,8,1,4.2,8,1,-0.7,8,1,15.0,8,1,5.0,8,1,13.3,8,1
2015/2/11,2015/2/20,5.9,8,1,0.2,8,1,29.0,0,8,1,13.5,0,8,1,19.7,0,8,1,6.3,8,1,0.9,8,1,31.0,8,1,9.5,8,1,25.9,8,1
2015/2/21,2015/2/28,8.6,8,1,1.6,8,1,22.0,0,8,1,7.0,0,8,1,29.7,0,8,1,8.6,8,1,2.1,8,1,21.0,8,1,7.0,8,1,33.0,8,1
2015/3/1,2015/3/10,9.0,8,1,1.8,8,1,70.0,0,8,1,24.5,0,8,1,30.4,0,8,1,8.3,8,1,2.3,8,1,64.0,8,1,16.0,8,1,27.5,8,1
2015/3/11,2015/3/20,9.7,8,1,2.6,8,1,12.0,0,8,1,10.5,0,8,1,44.6,0,8,1,9.3,8,1,3.2,8,1,6.5,8,1,6.5,8,1,48.7,8,1
2015/3/21,2015/3/31,12.0,8,1,3.1,8,1,19.0,0,8,1,6.0,0,8,1,59.6,0,8,1,11.0,8,1,4.4,8,1,4.5,8,1,2.5,8,1,58.2,8,1
2015/4/1,2015/4/10,13.5,8,1,4.7,8,1,58.5,0,8,1,18.0,0,8,1,43.6,0,8,1,11.9,8,1,4.4,8,1,34.5,8,1,11.0,8,1,48.5,8,1
2015/4/11,2015/4/20,14.8,8,1,7.4,8,1,69.5,0,8,1,29.0,0,8,1,34.2,0,8,1,13.3,8,1,8.1,8,1,67.0,8,1,39.0,8,1,30.0,8,1
2015/4/21,2015/4/30,20.3,8,1,7.7,8,1,10.5,0,8,1,10.5,0,8,1,106.4,0,8,1,17.6,8,1,9.4,8,1,3.5,8,1,3.5,8,1,97.4,8,1
2015/5/1,2015/5/10,21.5,8,1,11.0,8,1,24.0,0,8,1,24.0,0,8,1,84.7,0,8,1,20.0,8,1,10.4,8,1,15.0,8,1,15.0,8,1,79.6,8,1
2015/5/11,2015/5/20,21.6,8,1,12.5,8,1,30.5,0,8,1,14.0,0,8,1,55.3,0,8,1,18.8,8,1,11.3,8,1,17.0,8,1,6.5,8,1,54.7,8,1
2015/5/21,2015/5/31,24.7,8,1,14.1,8,1,4.0,0,8,1,4.0,0,8,1,110.5,0,8,1,22.9,8,1,13.7,8,1,1.0,8,1,1.0,8,1,108.5,8,1
2015/6/1,2015/6/10,23.3,8,1,14.3,8,1,21.5,0,8,1,11.0,0,8,1,64.8,0,8,1,21.4,8,1,13.7,8,1,11.0,8,1,4.5,8,1,62.3,8,1
2015/6/11,2015/6/20,26.7,8,1,18.2,8,1,21.0,0,8,1,20.0,0,8,1,83.9,0,8,1,24.6,8,1,16.9,8,1,13.0,8,1,13.0,8,1,76.1,8,1
2015/6/21,2015/6/30,25.4,8,1,17.7,8,1,36.5,0,8,1,30.5,0,8,1,67.1,0,8,1,23.5,8,1,16.3,8,1,40.0,8,1,30.5,8,1,54.2,8,1
2015/7/1,2015/7/10,25.2,8,1,18.0,8,1,12.5,0,8,1,12.0,0,8,1,80.3,0,8,1,23.9,8,1,16.6,8,1,5.0,8,1,5.0,8,1,75.6,8,1
2015/7/11,2015/7/20,29.9,8,1,21.3,8,1,16.0,0,8,1,9.0,0,8,1,59.8,0,8,1,27.6,8,1,20.0,8,1,15.5,8,1,7.5,8,1,46.9,8,1
2015/7/21,2015/7/31,30.2,8,1,23.4,8,1,52.0,0,8,1,39.0,0,8,1,62.5,0,8,1,29.0,8,1,22.9,8,1,44.0,8,1,34.5,8,1,62.6,8,1
2015/8/1,2015/8/10,32.0,8,1,23.6,8,1,0,1,8,1,0,1,8,1,98.3,0,8,1,31.9,8,1,23.4,8,1,0.0,8,1,0.0,8,1,88.1,8,1
2015/8/11,2015/8/20,28.7,8,1,21.5,8,1,105.5,0,8,1,52.5,0,8,1,46.4,0,8,1,27.8,8,1,21.7,8,1,42.0,8,1,29.0,8,1,48.6,8,1
2015/8/21,2015/8/31,26.9,8,1,20.2,8,1,30.0,0,8,1,16.5,0,8,1,41.6,0,8,1,25.5,8,1,19.9,8,1,56.5,8,1,23.5,8,1,40.3,8,1
2015/9/1,2015/9/10,26.1,8,1,19.4,8,1,70.5,0,8,1,25.5,0,8,1,21.6,0,8,1,24.6,8,1,18.4,8,1,56.5,8,1,19.0,8,1,22.5,8,1
2015/9/11,2015/9/20,24.3,8,1,16.2,8,1,99.5,0,8,1,29.5,0,8,1,50.6,0,8,1,23.3,8,1,16.5,8,1,43.5,8,1,13.5,8,1,49.3,8,1
2015/9/21,2015/9/30,23.4,8,1,14.9,8,1,16.5,0,8,1,11.5,0,8,1,59.9,0,8,1,22.8,8,1,15.9,8,1,15.0,8,1,6.0,8,1,51.8,8,1
2015/10/1,2015/10/10,21.4,8,1,11.6,8,1,93.5,0,8,1,26.5,0,8,1,68.1,0,8,1,20.0,8,1,13.2,8,1,80.5,4,1,43.5,4,1,58.3,5,1
2015/10/11,2015/10/20,19.1,8,1,10.4,8,1,45.5,0,8,1,19.0,0,8,1,57.7,0,8,1,18.4,8,1,11.6,8,1,13.0,8,1,4.5,8,1,42.5,5,1
2015/10/21,2015/10/31,16.7,8,1,7.9,8,1,43.0,0,8,1,15.0,0,8,1,48.0,0,8,1,15.7,8,1,9.3,8,1,24.5,8,1,12.0,8,1,38.4,8,1
2015/11/1,2015/11/10,16.1,8,1,8.8,8,1,77.0,0,8,1,44.5,0,8,1,35.5,0,8,1,16.2,8,1,10.6,8,1,78.5,8,1,37.5,8,1,23.3,8,1
2015/11/11,2015/11/20,15.3,8,1,8.2,8,1,49.5,0,8,1,14.5,0,8,1,33.1,0,8,1,14.4,8,1,9.3,8,1,35.0,8,1,10.0,8,1,24.2,8,1
2015/11/21,2015/11/30,11.6,8,1,4.6,8,1,77.5,0,8,1,21.0,0,8,1,15.4,0,8,1,10.8,8,1,5.3,8,1,46.5,8,1,26.5,8,1,10.3,8,1
2015/12/1,2015/12/10,9.6,8,1,3.3,8,1,54.5,0,8,1,22.5,0,8,1,16.0,0,8,1,9.6,8,1,3.8,8,1,44.0,8,1,18.5,8,1,17.5,8,1
2015/12/11,2015/12/20,10.0,8,1,3.4,8,1,79.5,0,8,1,41.0,0,8,1,19.5,0,8,1,9.4,8,1,5.2,8,1,70.0,8,1,37.0,8,1,12.3,8,1
2015/12/21,2015/12/31,7.0,8,1,0.9,8,1,66.5,0,8,1,17.0,0,8,1,22.6,0,8,1,6.7,8,1,2.1,8,1,45.5,8,1,16.5,8,1,16.0,8,1
2016/1/1,2016/1/10,6.9,8,1,1.8,8,1,58.0,0,8,1,12.5,0,8,1,5.8,0,8,1,6.6,8,1,2.5,8,1,32.0,8,1,11.0,8,1,5.8,8,1
2016/1/11,2016/1/20,3.5,8,1,-1.0,8,1,89.5,0,8,1,23.5,0,8,1,3.6,0,8,1,3.4,8,1,-0.3,8,1,39.5,8,1,10.0,8,1,5.5,8,1
2016/1/21,2016/1/31,3.5,8,1,-0.2,8,1,64.5,0,8,1,16.0,0,8,1,5.8,0,8,1,3.6,8,1,-0.2,8,1,33.5,8,1,10.5,8,1,4.8,8,1
2016/2/1,2016/2/10,3.7,8,1,-0.7,8,1,31.0,0,8,1,13.0,0,8,1,20.6,0,8,1,3.9,8,1,-0.6,8,1,22.5,8,1,8.5,8,1,11.9,8,1
2016/2/11,2016/2/20,7.7,8,1,0.2,8,1,54.0,0,8,1,15.5,0,8,1,21.7,0,8,1,7.7,8,1,1.7,8,1,71.0,8,1,20.0,8,1,17.7,8,1
2016/2/21,2016/2/29,5.6,8,1,-0.2,8,1,68.0,0,8,1,20.0,0,8,1,25.1,0,8,1,5.3,8,1,-0.7,8,1,41.0,8,1,12.5,8,1,21.7,8,1
2016/3/1,2016/3/10,8.3,8,1,1.7,8,1,31.0,0,8,1,12.0,0,8,1,23.3,0,8,1,7.9,8,1,1.9,8,1,23.5,8,1,9.0,8,1,31.9,8,1
2016/3/11,2016/3/20,10.5,8,1,2.6,8,1,14.5,0,8,1,12.0,0,8,1,49.5,0,8,1,9.6,8,1,3.3,8,1,13.0,8,1,9.0,8,1,41.9,8,1
2016/3/21,2016/3/31,10.7,8,1,2.0,8,1,22.0,0,8,1,10.5,0,8,1,81.1,0,8,1,11.2,8,1,3.2,8,1,14.5,8,1,7.5,8,1,73.4,8,1
2016/4/1,2016/4/10,14.2,8,1,6.0,8,1,74.5,0,8,1,33.0,0,8,1,65.3,0,8,1,12.8,8,1,6.2,8,1,42.0,8,1,18.5,8,1,58.1,8,1
2016/4/11,2016/4/20,15.5,8,1,6.5,8,1,24.0,0,8,1,6.0,0,8,1,51.7,0,8,1,12.8,8,1,6.4,8,1,27.5,8,1,12.0,8,1,46.0,8,1
2016/4/21,2016/4/30,16.9,8,1,7.7,8,1,47.5,0,8,1,36.5,0,8,1,67.7,0,8,1,16.0,8,1,8.4,8,1,36.0,8,1,32.0,8,1,62.5,8,1
2016/5/1,2016/5/10,19.8,8,1,11.2,8,1,50.0,0,8,1,20.5,0,8,1,50.3,0,8,1,18.4,8,1,10.8,8,1,43.0,8,1,16.0,8,1,51.1,8,1
2016/5/11,2016/5/20,22.3,8,1,12.6,8,1,32.5,0,8,1,19.5,0,8,1,92.5,0,8,1,20.4,8,1,11.6,8,1,26.0,8,1,15.0,8,1,80.5,8,1
2016/5/21,2016/5/31,23.7,8,1,15.1,8,1,27.5,0,8,1,14.0,0,8,1,81.5,0,8,1,22.5,8,1,14.3,8,1,12.5,8,1,7.0,8,1,78.7,8,1
2016/6/1,2016/6/10,21.9,8,1,14.0,8,1,30.5,0,8,1,15.5,0,8,1,63.8,0,8,1,20.3,8,1,12.7,8,1,30.0,8,1,25.5,8,1,59.4,8,1
2016/6/11,2016/6/20,26.3,8,1,18.1,8,1,93.0,0,8,1,37.5,0,8,1,56.9,0,8,1,25.6,4,1,17.4,4,1,21.5,4,1,8.0,4,1,44.1,4,1
2016/6/21,2016/6/30,24.7,8,1,18.4,8,1,20.0,0,8,1,6.5,0,8,1,53.0,0,8,1,23.1,8,1,16.7,8,1,10.5,8,1,5.5,8,1,48.1,8,1
2016/7/1,2016/7/10,25.3,8,1,19.6,8,1,70.5,0,8,1,48.0,0,8,1,17.2,0,8,1,23.7,8,1,18.3,8,1,68.0,8,1,53.0,8,1,22.9,8,1
2016/7/11,2016/7/20,26.7,8,1,20.2,8,1,29.5,0,8,1,18.5,0,8,1,52.2,0,8,1,25.4,8,1,19.2,8,1,33.5,8,1,17.0,8,1,48.6,8,1
2016/7/21,2016/7/31,30.6,8,1,21.8,8,1,16.5,0,8,1,14.5,0,8,1,85.7,0,8,1,28.2,8,1,21.1,8,1,2.5,8,1,2.0,8,1,77.0,8,1
2016/8/1,2016/8/10,31.2,8,1,23.4,8,1,2.5,0,8,1,2.5,0,8,1,90.2,0,8,1,30.5,8,1,22.7,8,1,0.0,8,1,0.0,8,1,87.1,8,1
2016/8/11,2016/8/20,31.5,8,1,22.0,8,1,115.0,0,8,1,106.5,0,8,1,91.9,0,8,1,30.0,4,1,21.9,4,1,7.0,4,1,6.0,4,1,67.2,4,1
2016/8/21,2016/8/31,30.6,8,1,21.4,8,1,118.0,0,8,1,57.5,0,8,1,91.5,0,8,1,29.0,8,1,20.8,8,1,110.5,8,1,61.5,8,1,82.9,8,1
2016/9/1,2016/9/10,30.6,8,1,21.7,8,1,23.5,0,8,1,11.5,0,8,1,71.4,0,8,1,27.9,8,1,21.5,8,1,12.0,8,1,5.5,8,1,64.6,8,1
2016/9/11,2016/9/20,25.1,8,1,18.7,8,1,26.0,0,8,1,13.0,0,8,1,31.8,0,8,1,23.6,8,1,18.4,8,1,32.0,8,1,16.0,8,1,32.5,8,1
2016/9/21,2016/9/30,24.7,8,1,17.7,8,1,48.0,0,8,1,18.5,0,8,1,38.4,0,8,1,22.8,8,1,17.6,8,1,32.5,5,1,18.5,5,1,27.3,5,1
2016/10/1,2016/10/10,22.4,8,1,14.0,8,1,86.5,0,8,1,31.0,0,8,1,44.3,0,8,1,21.2,8,1,13.9,8,1,62.0,8,1,22.0,8,1,46.6,8,1
2016/10/11,2016/10/20,20.2,8,1,10.5,8,1,41.0,0,8,1,14.5,0,8,1,49.8,0,8,1,18.6,8,1,11.6,8,1,15.5,8,1,6.5,8,1,40.1,5,1
2016/10/21,2016/10/31,15.7,8,1,9.1,8,1,33.5,0,8,1,15.5,0,8,1,31.6,0,8,1,15.2,8,1,9.2,8,1,34.5,8,1,21.5,8,1,28.9,8,1
2016/11/1,2016/11/10,12.7,8,1,6.0,8,1,67.5,0,8,1,22.0,0,8,1,30.3,0,8,1,12.0,8,1,5.9,8,1,42.0,8,1,10.0,8,1,14.4,8,1
2016/11/11,2016/11/20,14.9,8,1,5.8,8,1,46.5,0,8,1,16.0,0,8,1,28.9,0,8,1,14.0,8,1,7.3,8,1,19.0,8,1,6.5,8,1,20.2,8,1
2016/11/21,2016/11/30,9.0,8,1,3.0,8,1,41.5,0,8,1,17.0,0,8,1,19.5,0,8,1,8.9,8,1,3.2,8,1,32.5,8,1,10.0,8,1,11.8,8,1
2016/12/1,2016/12/10,11.1,8,1,3.2,8,1,99.5,0,8,1,32.5,0,8,1,24.9,0,8,1,10.6,8,1,4.4,8,1,68.0,8,1,18.5,8,1,20.3,8,1
2016/12/11,2016/12/20,7.4,8,1,2.6,8,1,54.0,0,8,1,20.0,0,8,1,11.2,0,8,1,7.5,8,1,2.8,8,1,31.0,8,1,7.5,8,1,12.4,8,1
2016/12/21,2016/12/31,8.3,8,1,1.1,8,1,75.0,0,8,1,18.0,0,8,1,17.8,0,8,1,8.8,8,1,2.1,8,1,60.5,8,1,24.5,8,1,20.5,8,1
2017/1/1,2017/1/10,6.7,8,1,1.1,8,1,76.5,0,8,1,24.5,0,8,1,13.8,0,8,1,6.5,8,1,2.1,8,1,42.0,8,1,16.5,8,1,10.9,8,1
2017/1/11,2017/1/20,2.7,8,1,-2.2,8,1,56.5,0,8,1,19.5,0,8,1,15.1,0,8,1,3.2,8,1,-1.2,8,1,34.0,8,1,17.0,8,1,16.2,8,1
2017/1/21,2017/1/31,5.0,8,1,-0.6,8,1,63.0,0,8,1,18.0,0,8,1,18.9,0,8,1,5.3,8,1,-0.4,8,1,39.0,8,1,15.0,8,1,13.5,8,1
2017/2/1,2017/2/10,5.4,8,1,-0.2,8,1,53.5,0,8,1,22.0,0,8,1,13.5,0,8,1,5.0,8,1,-0.1,8,1,43.0,8,1,15.0,8,1,6.6,8,1
2017/2/11,2017/2/20,6.2,8,1,0.5,8,1,70.0,0,8,1,19.5,0,8,1,9.8,0,8,1,6.4,8,1,0.8,8,1,66.0,8,1,31.5,8,1,8.3,8,1
2017/2/21,2017/2/28,5.7,8,1,-0.2,8,1,32.5,0,8,1,21.0,0,8,1,29.3,0,8,1,5.3,8,1,-0.4,8,1,18.0,8,1,14.0,8,1,26.4,8,1
2017/3/1,2017/3/10,8.1,8,1,0.9,8,1,13.5,0,8,1,4.0,0,8,1,36.9,0,8,1,7.3,8,1,0.9,8,1,28.5,8,1,12.0,8,1,36.7,8,1
2017/3/11,2017/3/20,9.1,8,1,2.1,8,1,36.5,0,8,1,18.0,0,8,1,50.5,0,8,1,9.2,8,1,2.5,8,1,23.0,8,1,14.0,8,1,46.7,8,1
2017/3/21,2017/3/31,9.3,8,1,1.9,8,1,35.5,0,8,1,13.5,0,8,1,47.7,0,8,1,9.3,8,1,2.6,8,1,16.0,8,1,8.5,8,1,50.4,8,1
2017/4/1,2017/4/10,13.7,8,1,4.1,8,1,17.0,0,8,1,12.5,0,8,1,55.1,0,8,1,13.0,8,1,5.4,8,1,10.5,8,1,8.0,8,1,48.8,8,1
2017/4/11,2017/4/20,15.8,8,1,6.6,8,1,39.5,0,8,1,13.0,0,8,1,42.1,0,8,1,12.8,8,1,6.8,8,1,33.0,8,1,15.0,8,1,38.5,8,1
2017/4/21,2017/4/30,16.8,8,1,7.7,8,1,43.5,0,8,1,38.5,0,8,1,69.6,0,8,1,15.1,8,1,7.4,8,1,39.5,8,1,31.5,8,1,64.9,8,1
2017/5/1,2017/5/10,18.4,8,1,8.8,8,1,30.5,0,8,1,21.0,0,8,1,83.4,0,8,1,17.6,8,1,9.6,8,1,23.0,8,1,18.5,8,1,71.3,8,1
2017/5/11,2017/5/20,19.9,8,1,11.7,8,1,26.5,0,8,1,7.5,0,8,1,69.6,0,8,1,18.0,8,1,11.4,8,1,13.0,8,1,6.0,8,1,60.8,8,1
2017/5/21,2017/5/31,24.0,8,1,14.7,8,1,39.5,0,8,1,17.0,0,8,1,76.5,0,8,1,21.6,8,1,14.3,8,1,25.5,8,1,10.5,8,1,67.5,8,1
2017/6/1,2017/6/10,19.9,8,1,13.0,8,1,69.0,0,8,1,27.5,0,8,1,39.8,0,8,1,18.1,8,1,12.1,8,1,54.5,8,1,18.0,8,1,36.2,8,1
2017/6/11,2017/6/20,21.4,8,1,14.2,8,1,2.0,0,8,1,1.0,0,8,1,63.1,0,8,1,20.7,8,1,13.0,8,1,4.0,8,1,3.0,8,1,65.4,8,1
2017/6/21,2017/6/30,23.9,8,1,15.9,8,1,22.0,0,8,1,15.5,0,8,1,59.2,0,8,1,22.0,8,1,14.9,8,1,10.5,8,1,8.5,8,1,58.5,8,1
2017/7/1,2017/7/10,26.8,8,1,20.2,8,1,82.0,0,8,1,51.0,0,8,1,69.4,0,8,1,25.3,8,1,19.3,8,1,41.0,8,1,24.0,8,1,59.6,8,1
2017/7/11,2017/7/20,29.7,8,1,22.5,8,1,47.5,0,8,1,20.5,0,8,1,73.4,0,8,1,28.6,8,1,21.6,8,1,42.5,8,1,33.5,8,1,63.9,5,1
2017/7/21,2017/7/31,29.3,8,1,22.3,8,1,145.0,0,8,1,72.0,0,8,1,46.2,0,8,1,27.6,8,1,21.5,8,1,182.0,8,1,99.0,8,1,53.1,8,1
2017/8/1,2017/8/10,31.3,8,1,22.7,8,1,39.0,0,8,1,21.5,0,8,1,89.9,0,8,1,28.8,8,1,21.9,8,1,38.0,8,1,21.0,8,1,72.7,8,1
2017/8/11,2017/8/20,29.2,8,1,22.1,8,1,11.5,0,8,1,11.0,0,8,1,55.2,0,8,1,27.8,8,1,21.7,8,1,34.5,8,1,33.0,8,1,49.9,8,1
2017/8/21,2017/8/31,27.9,8,1,20.5,8,1,133.5,0,8,1,68.5,0,8,1,45.7,0,8,1,26.5,8,1,19.8,8,1,111.0,8,1,54.5,8,1,50.4,8,1
2017/9/1,2017/9/10,25.7,8,1,17.1,8,1,12.0,0,8,1,5.0,0,8,1,66.3,0,8,1,24.8,8,1,17.7,8,1,14.0,8,1,9.5,8,1,63.0,8,1
2017/9/11,2017/9/20,25.4,8,1,17.9,8,1,108.0,0,8,1,49.0,0,8,1,40.5,0,8,1,23.8,8,1,17.6,8,1,77.0,8,1,28.5,8,1,43.1,8,1
2017/9/21,2017/9/30,24.2,8,1,14.2,8,1,34.0,0,8,1,25.5,0,8,1,62.6,0,8,1,23.4,8,1,16.0,8,1,33.0,8,1,15.5,8,1,54.1,8,1
2017/10/1,2017/10/10,20.8,8,1,14.0,8,1,21.0,0,8,1,11.0,0,8,1,30.0,0,8,1,20.0,8,1,14.7,8,1,38.5,8,1,14.5,8,1,27.5,8,1
2017/10/11,2017/10/20,18.0,8,1,10.4,8,1,38.5,0,8,1,14.5,0,8,1,21.4,0,8,1,16.9,8,1,10.9,8,1,20.0,8,1,6.5,8,1,16.1,8,1
2017/10/21,2017/10/31,17.7,8,1,11.2,8,1,117.5,0,8,1,39.0,0,8,1,31.4,0,8,1,16.4,8,1,11.6,8,1,96.5,8,1,33.5,8,1,19.7,8,1
2017/11/1,2017/11/10,17.6,8,1,9.0,8,1,22.5,0,8,1,15.0,0,8,1,43.5,0,8,1,16.5,8,1,11.2,8,1,15.5,8,1,9.0,8,1,28.4,8,1
2017/11/11,2017/11/20,11.2,8,1,5.0,8,1,88.5,0,8,1,31.0,0,8,1,16.8,0,8,1,11.2,8,1,5.1,8,1,57.0,8,1,14.0,8,1,16.0,8,1
2017/11/21,2017/11/30,8.8,8,1,1.6,8,1,104.5,0,8,1,40.5,0,8,1,22.6,0,8,1,9.7,8,1,3.0,8,1,62.0,8,1,21.5,8,1,15.5,8,1
2017/12/1,2017/12/10,5.6,8,1,0.9,8,1,120.0,0,8,1,21.0,0,8,1,4.4,0,8,1,7.5,8,1,1.5,8,1,84.0,8,1,27.0,8,1,5.2,8,1
2017/12/11,2017/12/20,5.5,8,1,0.4,8,1,89.5,0,8,1,24.5,0,8,1,1.7,0,8,1,5.6,8,1,0.1,8,1,52.0,8,1,22.0,8,1,3.1,8,1
2017/12/21,2017/12/31,5.5,8,1,0.3,8,1,89.0,0,8,1,31.5,0,8,1,13.8,0,8,1,5.9,8,1,1.2,8,1,42.5,8,1,12.5,8,1,12.4,8,1
2018/1/1,2018/1/10,5.5,8,1,0.2,8,1,86.0,0,8,1,16.0,0,8,1,12.8,0,8,1,5.7,8,1,0.3,8,1,37.5,8,1,8.5,8,1,9.1,8,1
2018/1/11,2018/1/20,5.1,8,1,-1.5,8,1,56.5,0,8,1,14.5,0,8,1,14.7,0,8,1,5.2,8,1,0.5,8,1,33.0,8,1,13.0,8,1,11.8,8,1
2018/1/21,2018/1/31,1.9,8,1,-3.1,8,1,54.0,0,8,1,10.0,0,8,1,5.7,0,8,1,1.4,8,1,-3.3,8,1,21.5,8,1,7.0,8,1,4.0,8,1
2018/2/1,2018/2/10,4.3,8,1,-2.6,8,1,64.5,0,8,1,19.0,0,8,1,26.8,0,8,1,4.7,8,1,-0.2,8,1,26.5,8,1,14.5,8,1,26.3,8,1
2018/2/11,2018/2/20,3.3,8,1,-2.0,8,1,62.0,0,8,1,22.0,0,8,1,14.1,0,8,1,3.1,8,1,-2.3,8,1,31.0,8,1,18.0,8,1,13.6,8,1
2018/2/21,2018/2/28,4.2,8,1,-2.3,8,1,13.0,0,8,1,6.5,0,8,1,32.6,0,8,1,4.1,8,1,-1.6,8,1,30.5,8,1,22.0,8,1,19.8,8,1
2018/3/1,2018/3/10,8.5,8,1,1.2,8,1,70.5,0,8,1,32.5,0,8,1,25.2,0,8,1,7.3,8,1,0.8,8,1,70.5,8,1,30.0,8,1,14.6,8,1
2018/3/11,2018/3/20,11.3,8,1,0.7,8,1,15.5,0,8,1,13.0,0,8,1,45.3,0,8,1,9.6,8,1,2.0,8,1,11.5,8,1,8.5,8,1,33.6,8,1
2018/3/21,2018/3/31,12.7,8,1,3.0,8,1,16.5,0,8,1,13.0,0,8,1,73.3,0,8,1,11.5,8,1,4.5,8,1,37.0,8,1,34.5,8,1,61.1,8,1
2018/4/1,2018/4/10,12.3,8,1,5.2,8,1,73.5,0,8,1,33.0,0,8,1,38.3,0,8,1,10.8,8,1,4.3,8,1,52.0,8,1,25.5,8,1,36.2,8,1
2018/4/11,2018/4/20,14.6,8,1,6.6,8,1,37.0,0,8,1,27.0,0,8,1,42.1,0,8,1,13.4,8,1,6.6,8,1,31.5,8,1,21.5,8,1,36.9,8,1
2018/4/21,2018/4/30,19.2,8,1,9.2,8,1,35.0,0,8,1,16.0,0,8,1,64.2,0,8,1,16.6,8,1,9.5,8,1,27.0,8,1,19.0,8,1,57.8,8,1
2018/5/1,2018/5/10,18.1,8,1,11.0,8,1,44.5,0,8,1,16.5,0,8,1,24.7,0,8,1,16.1,8,1,10.5,8,1,23.5,8,1,9.5,8,1,31.1,8,1
2018/5/11,2018/5/20,19.8,8,1,11.7,8,1,160.0,0,8,1,91.0,0,8,1,48.7,0,8,1,17.3,8,1,11.4,8,1,110.0,8,1,63.5,8,1,40.2,8,1
2018/5/21,2018/5/31,23.1,8,1,13.2,8,1,6.5,0,8,1,4.0,0,8,1,84.1,0,8,1,21.1,8,1,12.2,8,1,20.0,8,1,15.0,8,1,71.2,8,1
2018/6/1,2018/6/10,24.6,8,1,15.7,8,1,3.5,0,8,1,3.5,0,8,1,70.6,0,8,1,22.6,8,1,14.4,8,1,3.5,8,1,3.5,8,1,55.0,8,1
2018/6/11,2018/6/20,21.5,8,1,15.2,8,1,27.5,0,8,1,21.5,0,8,1,41.9,0,8,1,20.1,8,1,14.3,8,1,34.0,8,1,28.0,8,1,37.1,8,1
2018/6/21,2018/6/30,26.8,8,1,18.6,8,1,53.5,0,8,1,43.5,0,8,1,63.7,0,8,1,24.0,8,1,17.7,8,1,95.0,8,1,46.5,8,1,51.3,8,1
2018/7/1,2018/7/10,29.0,8,1,21.4,8,1,66.5,0,8,1,37.0,0,8,1,50.3,0,8,1,25.6,8,1,20.3,8,1,111.5,8,1,66.5,8,1,41.3,8,1
2018/7/11,2018/7/20,28.7,8,1,22.7,8,1,14.0,0,8,1,8.5,0,8,1,48.1,0,8,1,27.1,8,1,21.3,8,1,10.0,8,1,7.0,8,1,39.3,8,1
2018/7/21,2018/7/31,32.5,8,1,24.3,8,1,0.0,0,8,1,0.0,0,8,1,108.6,0,8,1,30.0,8,1,23.0,8,1,0.0,8,1,0.0,8,1,88.1,8,1
2018/8/1,2018/8/10,30.7,8,1,22.9,8,1,172.5,0,8,1,169.5,0,8,1,62.1,0,8,1,28.8,8,1,22.1,8,1,58.5,8,1,58.5,8,1,46.3,8,1
2018/8/11,2018/8/20,28.0,8,1,19.5,8,1,143.0,0,8,1,138.5,0,8,1,76.3,0,8,1,26.8,8,1,19.2,8,1,106.0,8,1,91.0,8,1,63.3,8,1
2018/8/21,2018/8/31,30.4,8,1,22.7,8,1,237.5,0,8,1,152.0,0,8,1,42.1,0,8,1,27.9,8,1,22.3,8,1,53.0,8,1,20.5,8,1,41.6,8,1
2018/9/1,2018/9/10,26.5,8,1,20.1,8,1,83.5,0,8,1,35.5,0,8,1,40.5,0,8,1,24.6,8,1,19.8,8,1,121.0,8,1,44.5,8,1,36.8,8,1
2018/9/11,2018/9/20,25.6,8,1,17.0,8,1,24.0,0,8,1,17.5,0,8,1,64.7,0,8,1,23.9,8,1,17.6,8,1,14.0,8,1,9.5,8,1,46.0,5,1
2018/9/21,2018/9/30,22.8,8,1,15.5,8,1,97.5,0,8,1,46.5,0,8,1,31.0,0,8,1,22.1,8,1,16.4,8,1,54.5,8,1,24.0,8,1,26.1,8,1
2018/10/1,2018/10/10,24.6,8,1,15.8,8,1,40.5,0,8,1,22.5,0,8,1,48.4,0,8,1,22.6,8,1,16.1,8,1,42.0,8,1,29.5,8,1,35.8,8,1
2018/10/11,2018/10/20,19.0,8,1,11.0,8,1,35.0,0,8,1,10.0,0,8,1,40.2,0,8,1,18.3,8,1,12.4,8,1,45.5,8,1,20.5,8,1,36.4,8,1
2018/10/21,2018/10/31,18.2,8,1,9.9,8,1,185.0,0,8,1,48.5,0,8,1,50.6,0,8,1,17.9,8,1,11.5,8,1,51.5,8,1,12.0,8,1,46.1,8,1
2018/11/1,2018/11/10,17.6,8,1,8.7,8,1,39.0,0,8,1,13.5,0,8,1,37.9,0,8,1,17.0,8,1,10.8,8,1,17.0,8,1,9.0,8,1,33.1,8,1
