,酒田,酒田,酒田,酒田,酒田,酒田,酒田,酒田,酒田,酒田,酒田,酒田,酒田,酒田,酒田,酒田,酒田,酒田,酒田,酒田,酒田,酒田,酒田,酒田,酒田,飛島,飛島,飛島,飛島,飛島,飛島,飛島,飛島,飛島,飛島,飛島,飛島,飛島,飛島,飛島,飛島,飛島,飛島,飛島,飛島,飛島
年月,平均気温(℃),平均気温(℃),平均気温(℃),日最高気温の平均(℃),日最高気温の平均(℃),日最高気温の平均(℃),日最低気温の平均(℃),日最低気温の平均(℃),日最低気温の平均(℃),降水量の合計(mm),降水量の合計(mm),降水量の合計(mm),降水量の合計(mm),日降水量の最大(mm),日降水量の最大(mm),日降水量の最大(mm),日降水量の最大(mm),日照時間(時間),日照時間(時間),日照時間(時間),日照時間(時間),最深積雪(cm),最深積雪(cm),最深積雪(cm),最深積雪(cm),平均気温(℃),平均気温(℃),平均気温(℃),日最高気温の平均(℃),日最高気温の平均(℃),日最高気温の平均(℃),日最低気温の平均(℃),日最低気温の平均(℃),日最低気温の平均(℃),降水量の合計(mm),降水量の合計(mm),降水量の合計(mm),日降水量の最大(mm),日降水量の最大(mm),日降水量の最大(mm),日照時間(時間),日照時間(時間),日照時間(時間),最深積雪(cm),最深積雪(cm),最深積雪(cm)
,,,,,,,,,,,,,,,,,,,,,,,,,,,,,,,,,,,,,,,,,,,,,,
,,品質情報,均質番号,,品質情報,均質番号,,品質情報,均質番号,,現象なし情報,品質情報,均質番号,,現象なし情報,品質情報,均質番号,,現象なし情報,品質情報,均質番号,,現象なし情報,品質情報,均質番号,,品質情報,均質番号,,品質情報,均質番号,,品質情報,均質番号,,品質情報,均質番号,,品質情報,均質番号,,品質情報,均質番号,,品質情報,均質番号
1977/1,-1.3,8,1,1.0,8,1,-4.4,8,1,101.0,0,8,1,17.5,0,8,1,68.9,0,8,1,31,0,8,1,,0,1,,0,1,,0,1,,0,1,,0,1,,0,1,,0,1
1977/2,0.2,8,1,3.1,8,1,-3.4,8,1,138.0,0,8,1,18.5,0,8,1,76.0,0,8,1,52,0,8,1,,0,1,,0,1,,0,1,,0,1,,0,1,,0,1,,0,1
1977/3,4.3,8,1,8.4,8,1,0.0,8,1,97.0,0,8,1,18.0,0,8,1,160.7,0,8,1,8,0,8,1,,0,1,,0,1,,0,1,,0,1,,0,1,,0,1,,0,1
1977/4,9.0,8,1,13.1,8,1,4.5,8,1,154.0,0,8,1,42.5,0,8,1,165.7,0,8,1,0,0,8,1,,0,1,,0,1,,0,1,,0,1,,0,1,,0,1,,0,1
1977/5,13.6,8,1,17.5,8,1,9.7,8,1,142.0,0,8,1,42.0,0,8,1,205.0,0,8,1,0,1,8,1,,0,1,,0,1,,0,1,,0,1,,0,1,,0,1,,0,1
1977/6,19.3,8,1,23.3,8,1,15.6,8,1,66.5,0,8,1,31.0,0,8,1,209.7,0,8,1,0,1,8,1,,0,1,,0,1,,0,1,,0,1,,0,1,,0,1,,0,1
1977/7,23.2,8,1,27.0,8,1,19.4,8,1,104.5,0,8,1,39.5,0,8,1,237.3,0,8,1,0,1,8,1,,0,1,,0,1,,0,1,,0,1,,0,1,,0,1,,0,1
1977/8,23.1,8,1,26.7,8,1,19.7,8,1,258.0,0,8,1,145.0,0,8,1,183.8,0,8,1,0,1,8,1,,0,1,,0,1,,0,1,,0,1,,0,1,,0,1,,0,1
1977/9,20.2,8,1,25.1,8,1,14.9,8,1,211.0,0,8,1,54.5,0,8,1,193.8,0,8,1,0,1,8,1,,0,1,,0,1,,0,1,,0,1,,0,1,,0,1,,0,1
1977/10,14.4,8,1,20.0,8,1,8.4,8,1,39.5,0,8,1,13.5,0,8,1,239.7,0,8,1,0,1,8,1,,0,1,,0,1,,0,1,,0,1,,0,1,,0,1,,0,1
1977/11,10.0,8,1,13.8,8,1,6.1,8,1,291.0,0,8,1,34.5,0,8,1,93.3,0,8,1,0,0,8,1,,0,1,,0,1,,0,1,,0,1,,0,1,,0,1,,0,1
1977/12,4.9,8,1,8.4,8,1,1.4,8,1,196.0,0,8,1,26.5,0,8,1,80.2,0,8,1,4,0,8,1,,0,1,,0,1,,0,1,,0,1,,0,1,,0,1,,0,1
1978/1,1.5,8,1,4.2,8,1,-1.7,8,1,163.5,0,8,1,29.5,0,8,1,55.8,0,8,1,36,0,8,1,,0,1,,0,1,,0,1,,0,1,,0,1,,0,1,,0,1
1978/2,-0.9,8,1,1.5,8,1,-4.2,8,1,89.0,0,8,1,9.5,0,8,1,65.2,0,8,1,41,0,8,1,,0,1,,0,1,,0,1,,0,1,,0,1,,0,1,,0,1
1978/3,3.8,8,1,7.2,8,1,0.1,8,1,86.5,0,8,1,19.5,0,8,1,138.5,0,8,1,23,0,8,1,,0,1,,0,1,,0,1,,0,1,,0,1,,0,1,,0,1
1978/4,9.2,8,1,13.6,8,1,4.4,8,1,78.0,0,8,1,24.0,0,8,1,192.0,0,8,1,0,0,8,1,,0,1,,0,1,,0,1,,0,1,,0,1,,0,1,,0,1
1978/5,14.9,8,1,20.1,8,1,10.6,8,1,93.0,0,8,1,31.5,0,8,1,228.5,0,8,1,0,1,8,1,,0,1,,0,1,,0,1,,0,1,,0,1,,0,1,,0,1
1978/6,20.4,8,1,24.4,8,1,16.9,8,1,265.0,0,8,1,112.0,0,8,1,179.8,0,8,1,0,1,8,1,,0,1,,0,1,,0,1,,0,1,,0,1,,0,1,,0,1
1978/7,25.6,8,1,30.0,8,1,21.4,8,1,53.0,0,8,1,25.5,0,8,1,255.5,0,8,1,0,1,8,1,,0,1,,0,1,,0,1,,0,1,,0,1,,0,1,,0,1
1978/8,25.5,8,1,29.9,8,1,21.1,8,1,229.5,0,8,1,57.5,0,8,1,248.9,0,8,1,0,1,8,1,,0,1,,0,1,,0,1,,0,1,,0,1,,0,1,,0,1
1978/9,19.2,8,1,23.8,8,1,14.5,8,1,128.0,0,8,1,20.0,0,8,1,159.7,0,8,1,0,1,8,1,,0,1,,0,1,,0,1,,0,1,,0,1,,0,1,,0,1
1978/10,13.7,8,1,18.8,8,1,8.0,8,1,116.5,0,8,1,23.0,0,8,1,178.2,0,8,1,0,1,8,1,,1,1,,0,1,,0,1,,1,1,,1,1,,1,1,,1,1
1978/11,8.2,8,1,12.0,8,1,3.8,8,1,170.0,0,8,1,44.0,0,8,1,88.6,0,8,1,0,1,8,1,9.6,4,1,11.2,4,1,7.8,4,1,99,4,1,31,4,1,62.2,4,1,,0,1
1978/12,5.0,8,1,9.0,8,1,1.0,8,1,203.0,0,8,1,34.5,0,8,1,69.6,0,8,1,13,0,8,1,6.6,8,1,8.7,8,1,4.3,8,1,122,8,1,17,8,1,80.7,8,1,,0,1
1979/1,2.5,8,1,5.6,8,1,-0.9,8,1,201.0,0,8,1,34.5,0,8,1,63.1,0,8,1,42,0,8,1,3.1,8,1,5.5,8,1,0.6,8,1,93,8,1,28,8,1,77.1,8,1,,0,1
1979/2,3.5,8,1,6.9,8,1,0.1,8,1,116.5,0,8,1,20.5,0,8,1,70.2,0,8,1,1,0,8,1,3.8,8,1,6.5,8,1,1.2,8,1,78,8,1,17,8,1,97.6,8,1,,0,1
1979/3,4.1,8,1,8.3,8,1,-0.1,8,1,152.5,0,8,1,28.5,0,8,1,153.3,0,8,1,14,0,8,1,4.8,8,1,7.8,5,1,2.5,5,1,79,8,1,23,8,1,180.0,8,1,,0,1
1979/4,8.4,8,1,12.6,8,1,3.4,8,1,140.0,0,8,1,30.5,0,8,1,174.3,0,8,1,0,1,8,1,8.3,5,1,10.9,5,1,5.6,5,1,128,8,1,31,8,1,192.7,8,1,,0,1
1979/5,14.1,8,1,18.2,8,1,10.1,8,1,47.0,0,8,1,11.5,0,8,1,221.5,0,8,1,0,1,8,1,13.3,8,1,16.3,8,1,11.0,8,1,30,8,1,10,8,1,247.2,8,1,,0,1
1979/6,20.9,8,1,24.4,8,1,17.8,8,1,232.5,0,8,1,38.0,0,8,1,138.6,0,8,1,0,1,8,1,19.3,8,1,21.7,8,1,17.4,8,1,253,8,1,98,8,1,166.8,8,1,,0,1
1979/7,22.3,8,1,25.8,8,1,18.9,8,1,174.5,0,8,1,35.5,0,8,1,161.0,0,8,1,0,1,8,1,21.8,8,1,23.7,5,1,19.9,5,1,124,8,1,51,8,1,205.3,8,1,,0,1
1979/8,24.1,8,1,28.5,8,1,19.6,8,1,228.0,0,8,1,55.5,0,8,1,242.8,0,8,1,0,1,8,1,24.2,8,1,26.9,5,1,22.0,5,1,152,8,1,58,8,1,288.4,8,1,,0,1
1979/9,20.0,8,1,24.5,8,1,15.4,8,1,278.5,0,8,1,68.5,0,8,1,158.7,0,8,1,0,1,8,1,20.9,8,1,23.1,8,1,18.8,8,1,242,8,1,101,8,1,192.8,8,1,,0,1
1979/10,15.8,8,1,20.5,8,1,11.6,8,1,172.0,0,8,1,34.5,0,8,1,142.9,0,8,1,0,1,8,1,17.1,5,1,19.4,5,1,15.0,5,1,180,8,1,42,8,1,170.3,8,1,,0,1
1979/11,10.2,8,1,14.2,8,1,5.9,8,1,248.0,0,8,1,48.0,0,8,1,96.7,0,8,1,0,0,8,1,11.2,8,1,13.8,5,1,8.7,5,1,194,8,1,45,8,1,107.5,8,1,,0,1
1979/12,5.9,8,1,9.3,8,1,2.2,8,1,188.5,0,8,1,18.5,0,8,1,65.2,0,8,1,5,0,8,1,6.7,8,1,9.0,5,1,4.6,5,1,142,8,1,20,8,1,87.7,8,1,,0,1
1980/1,1.4,8,1,4.2,8,1,-1.7,8,1,212.0,0,8,1,35.0,0,8,1,51.1,0,8,1,22,0,8,1,2.3,8,1,4.5,8,1,0.2,8,1,116,8,1,23,8,1,58.2,8,1,,0,1
1980/2,-0.1,8,1,2.0,8,1,-2.7,8,1,145.5,0,8,1,44.0,0,8,1,83.4,0,8,1,68,0,8,1,0.3,8,1,1.9,5,1,-1.4,5,1,44,8,1,11,8,1,113.1,8,1,,0,1
1980/3,3.1,8,1,6.8,8,1,-1.0,8,1,110.0,0,8,1,13.0,0,8,1,141.4,0,8,1,23,0,8,1,3.9,8,1,6.7,5,1,1.4,5,1,67,8,1,12,8,1,178.8,8,1,,0,1
1980/4,8.6,8,1,13.2,8,1,3.7,8,1,114.5,0,8,1,41.5,0,8,1,182.1,0,8,1,0,1,8,1,8.4,8,1,11.6,5,1,5.3,5,1,115,8,1,43,8,1,209.0,8,1,,0,1
1980/5,15.2,8,1,20.4,8,1,9.6,8,1,115.5,0,8,1,41.5,0,8,1,226.4,0,8,1,0,1,8,1,14.1,5,1,17.4,5,1,11.2,5,1,134,8,1,43,8,1,235.1,8,1,,0,1
1980/6,20.1,8,1,24.5,8,1,15.8,8,1,170.0,0,8,1,89.0,0,8,1,218.2,0,8,1,0,1,8,1,19.0,8,1,21.6,5,1,16.7,5,1,131,8,1,76,8,1,235.4,8,1,,0,1
1980/7,21.3,8,1,24.8,8,1,18.2,8,1,360.5,0,8,1,88.0,0,8,1,141.8,0,8,1,0,1,8,1,20.9,8,1,23.2,5,1,19.1,5,1,265,8,1,50,8,1,184.2,8,1,,0,1
1980/8,22.0,8,1,26.3,8,1,18.1,8,1,255.0,0,8,1,46.5,0,8,1,188.8,0,8,1,0,1,8,1,22.6,8,1,25.0,8,1,20.7,8,1,244,8,1,49,8,1,230.6,8,1,,0,1
1980/9,19.4,8,1,24.0,8,1,14.7,8,1,68.5,0,8,1,35.0,0,8,1,181.1,0,8,1,0,1,8,1,20.4,8,1,23.1,8,1,18.1,8,1,58,8,1,15,8,1,207.3,8,1,,0,1
1980/10,13.8,8,1,18.0,8,1,9.0,8,1,265.0,0,8,1,36.5,0,8,1,135.6,0,8,1,0,1,8,1,15.1,5,1,17.7,5,1,12.6,5,1,123,8,1,21,8,1,149.5,8,1,,0,1
1980/11,9.4,8,1,14.0,8,1,4.5,8,1,93.0,0,8,1,18.0,0,8,1,129.2,0,8,1,0,0,8,1,11.2,8,1,13.6,8,1,8.7,8,1,57,8,1,12,8,1,146.8,8,1,,0,1
1980/12,3.8,8,1,6.4,8,1,1.1,8,1,330.0,0,8,1,42.5,0,8,1,53.3,0,8,1,7,0,8,1,4.7,8,1,6.9,5,1,2.7,5,1,212,8,1,28,8,1,59.9,8,1,,0,1
1981/1,0.2,8,1,2.2,8,1,-2.3,8,1,172.0,0,8,1,31.0,0,8,1,55.9,0,8,1,44,0,8,1,0.5,8,1,2.2,8,1,-1.2,8,1,90,8,1,17,8,1,68.5,8,1,,0,1
1981/2,1.2,8,1,4.0,8,1,-1.8,8,1,129.5,0,8,1,17.0,0,8,1,79.8,0,8,1,32,0,8,1,2.1,8,1,4.2,5,1,0.1,5,1,66,8,1,9,8,1,99.4,8,1,,0,1
1981/3,4.0,8,1,8.0,8,1,-0.3,8,1,80.0,0,8,1,37.0,0,8,1,174.0,0,8,1,24,0,8,1,4.5,8,1,7.3,5,1,2.2,5,1,65,8,1,26,8,1,196.9,8,1,,0,1
1981/4,9.2,8,1,13.9,8,1,3.9,8,1,121.5,0,8,1,36.5,0,8,1,198.8,0,8,1,0,1,8,1,9.3,8,1,12.2,8,1,6.6,8,1,87,8,1,25,8,1,226.3,8,1,,0,1
1981/5,13.2,8,1,17.4,8,1,9.1,8,1,146.5,0,8,1,25.0,0,8,1,186.0,0,8,1,0,1,8,1,12.5,8,1,15.3,8,1,9.7,8,1,131,8,1,31,8,1,214.1,8,1,,0,1
1981/6,17.7,8,1,21.3,8,1,14.7,8,1,149.5,0,8,1,52.5,0,8,1,148.0,0,8,1,0,1,8,1,16.9,5,1,19.5,5,1,14.9,5,1,195,8,1,62,8,1,181.5,8,1,,0,1
1981/7,24.5,8,1,28.4,8,1,21.0,8,1,153.0,0,8,1,34.0,0,8,1,238.6,0,8,1,0,1,8,1,23.4,8,1,25.8,5,1,21.4,5,1,156,8,1,52,8,1,246.8,8,1,,0,1
1981/8,23.5,8,1,27.9,8,1,19.6,8,1,224.5,0,8,1,40.0,0,8,1,203.0,0,8,1,0,1,8,1,23.5,8,1,26.0,8,1,21.3,8,1,360,8,1,95,8,1,217.5,8,1,,0,1
1981/9,18.3,8,1,22.9,8,1,13.9,8,1,105.5,0,8,1,16.5,0,8,1,182.9,0,8,1,0,1,8,1,19.4,8,1,22.0,8,1,17.1,8,1,125,8,1,30,8,1,212.0,8,1,,0,1
1981/10,13.9,8,1,18.2,8,1,9.8,8,1,310.5,0,8,1,48.0,0,8,1,155.3,0,8,1,0,1,8,1,15.0,5,1,17.9,5,1,12.5,5,1,220,8,1,31,8,1,174.8,8,1,,0,1
1981/11,6.7,8,1,9.6,8,1,3.6,8,1,292.5,0,8,1,54.0,0,8,1,50.4,0,8,1,2,0,8,1,7.2,8,1,9.5,5,1,4.7,5,1,161,8,1,25,8,1,68.9,8,1,,0,1
1981/12,4.3,8,1,7.3,8,1,1.4,8,1,282.0,0,8,1,35.5,0,8,1,43.1,0,8,1,10,0,8,1,5.3,8,1,7.5,8,1,3.2,8,1,199,8,1,27,8,1,59.9,8,1,,0,1
1982/1,1.0,8,1,3.6,8,1,-2.1,8,1,175.5,0,8,1,24.0,0,8,1,66.2,0,8,1,58,0,8,1,1.9,8,1,4.2,8,1,-0.2,8,1,134,8,1,21,8,1,79.1,8,1,,0,1
1982/2,0.4,8,1,2.9,8,1,-2.8,8,1,70.5,0,8,1,8.5,0,8,1,103.4,0,8,1,40,0,8,1,1.1,8,1,3.3,5,1,-0.8,5,1,60,8,1,10,8,1,116.7,8,1,,0,1
1982/3,4.6,8,1,8.3,8,1,0.4,8,1,102.0,0,8,1,17.0,0,8,1,155.8,0,8,1,7,0,8,1,5.2,8,1,8.1,8,1,2.3,8,1,95,8,1,19,8,1,188.1,8,1,,0,1
1982/4,10.0,8,1,14.8,8,1,5.4,8,1,143.0,0,8,1,35.0,0,8,1,212.2,0,8,1,0,1,8,1,9.8,8,1,13.3,8,1,7.1,8,1,135,8,1,25,8,1,240.3,8,1,,0,1
1982/5,15.6,8,1,20.1,8,1,11.2,8,1,189.5,0,8,1,36.5,0,8,1,198.9,0,8,1,0,1,8,1,14.4,8,1,16.9,8,1,12.0,8,1,130,8,1,31,8,1,207.8,8,1,,0,1
1982/6,18.4,8,1,22.4,8,1,14.5,8,1,119.0,0,8,1,30.0,0,8,1,240.6,0,8,1,0,1,8,1,17.7,5,1,20.4,5,1,15.1,5,1,80,8,1,24,8,1,249.2,8,1,,0,1
1982/7,22.2,8,1,26.5,8,1,18.0,8,1,203.0,0,8,1,96.5,0,8,1,271.5,0,8,1,0,1,8,1,22.0,8,1,25.1,8,1,19.3,8,1,211,8,1,123,8,1,293.7,8,1,,0,1
1982/8,24.5,8,1,28.2,8,1,21.6,8,1,101.5,0,8,1,28.0,0,8,1,207.9,0,8,1,0,1,8,1,24.0,8,1,26.5,8,1,22.0,8,1,74,8,1,23,8,1,238.5,8,1,,0,1
1982/9,19.5,8,1,23.7,8,1,15.6,8,1,168.0,0,8,1,49.5,0,8,1,178.8,0,8,1,0,1,8,1,20.2,8,1,22.8,8,1,18.0,8,1,155,8,1,62,8,1,194.8,8,1,,0,1
1982/10,14.8,8,1,20.1,8,1,9.6,8,1,117.0,0,8,1,29.0,0,8,1,230.3,0,8,1,0,1,8,1,16.3,5,1,19.0,5,1,13.9,5,1,117,8,1,31,8,1,235.3,8,1,,0,1
1982/11,9.6,8,1,13.6,8,1,5.5,8,1,240.5,0,8,1,56.0,0,8,1,105.2,0,8,1,1,0,8,1,10.9,8,1,13.4,8,1,8.3,8,1,102,8,1,29,8,1,123.9,8,1,,0,1
1982/12,5.5,8,1,8.7,8,1,2.4,8,1,225.5,0,8,1,34.0,0,8,1,59.6,0,8,1,3,0,8,1,6.1,8,1,8.4,8,1,3.9,8,1,149,8,1,31,8,1,76.4,8,1,,0,1
1983/1,2.3,8,1,4.7,8,1,-0.3,8,1,103.0,0,8,1,24.0,0,8,1,67.4,0,8,1,20,0,8,1,2.6,8,1,4.7,8,1,0.6,8,1,41,8,1,19,8,1,85.4,8,1,,0,1
1983/2,0.4,8,1,3.0,8,1,-2.8,8,1,145.5,0,8,1,33.5,0,8,1,58.7,0,8,1,34,0,8,1,1.0,8,1,3.1,8,1,-0.8,8,1,108,8,1,40,8,1,73.6,8,1,,0,1
1983/3,3.9,8,1,7.8,8,1,0.0,8,1,137.0,0,8,1,37.0,0,8,1,170.9,0,8,1,17,0,8,1,4.9,8,1,8.0,8,1,2.4,8,1,86,8,1,23,8,1,188.7,8,1,,0,1
1983/4,12.2,8,1,17.0,8,1,6.7,8,1,128.5,0,8,1,32.0,0,8,1,206.8,0,8,1,0,1,8,1,11.7,5,1,14.7,5,1,9.0,5,1,116,8,1,29,8,1,223.0,8,1,,0,1
1983/5,15.4,8,1,20.1,8,1,10.4,8,1,116.5,0,8,1,63.0,0,8,1,259.1,0,8,1,0,1,8,1,14.3,5,1,17.6,5,1,11.3,5,1,105,8,1,44,8,1,262.7,8,1,,0,1
1983/6,17.9,8,1,22.0,8,1,14.4,8,1,67.0,0,8,1,24.5,0,8,1,198.6,0,8,1,0,1,8,1,17.0,8,1,20.1,8,1,14.3,8,1,34,8,1,15,8,1,225.5,8,1,,0,1
1983/7,21.4,8,1,24.8,8,1,18.6,8,1,263.5,0,8,1,85.0,0,8,1,140.2,0,8,1,0,1,8,1,21.0,8,1,23.5,8,1,19.2,8,1,248,8,1,105,8,1,158.5,8,1,,0,1
1983/8,25.3,8,1,29.4,8,1,21.8,8,1,118.0,0,8,1,60.0,0,8,1,243.5,0,8,1,0,1,8,1,25.0,8,1,27.6,5,1,23.0,5,1,0,4,1,0,4,1,241.3,8,1,,0,1
1983/9,21.2,8,1,25.8,8,1,17.4,8,1,137.0,0,8,1,24.5,0,8,1,211.4,0,8,1,0,1,8,1,21.7,8,1,24.3,8,1,19.6,8,1,,1,1,,1,1,222.6,8,1,,0,1
1983/10,13.5,8,1,17.4,8,1,9.2,8,1,204.0,0,8,1,30.5,0,8,1,154.2,0,8,1,0,1,8,1,13.7,5,1,16.4,5,1,11.0,5,1,107,5,1,33,5,1,180.5,8,1,,0,1
1983/11,7.9,8,1,12.2,8,1,4.0,8,1,233.5,0,8,1,51.0,0,8,1,108.9,0,8,1,6,0,8,1,9.3,8,1,11.7,5,1,6.8,5,1,99,8,1,23,8,1,131.2,8,1,,0,1
1983/12,2.6,8,1,5.5,8,1,-0.5,8,1,190.5,0,8,1,36.0,0,8,1,60.9,0,8,1,24,0,8,1,3.1,8,1,5.3,8,1,0.9,8,1,115,8,1,19,8,1,64.9,8,1,,0,1
1984/1,-0.5,8,1,1.7,8,1,-3.0,8,1,124.5,0,8,1,24.5,0,8,1,46.2,0,8,1,44,0,8,1,0.0,8,1,1.8,8,1,-1.5,8,1,61,8,1,17,8,1,64.7,8,1,,0,1
1984/2,-1.1,8,1,1.1,8,1,-4.0,8,1,99.5,0,8,1,16.5,0,8,1,83.7,0,8,1,76,0,8,1,-1.1,8,1,1.1,8,1,-2.7,8,1,36,8,1,12,8,1,85.8,8,1,,0,1
1984/3,1.2,8,1,4.2,8,1,-2.5,8,1,111.5,0,8,1,16.5,0,8,1,160.1,0,8,1,52,0,8,1,1.8,8,1,4.8,8,1,-0.5,8,1,69,8,1,17,8,1,190.4,8,1,,0,1
1984/4,7.9,8,1,12.6,8,1,3.4,8,1,116.0,0,8,1,39.0,0,8,1,215.3,0,8,1,0,0,8,1,7.8,5,1,11.0,5,1,5.1,5,1,96,8,1,26,8,1,225.3,8,1,,0,1
1984/5,14.0,8,1,18.3,8,1,10.2,8,1,76.5,0,8,1,17.5,0,8,1,196.6,0,8,1,0,1,8,1,12.7,8,1,15.6,8,1,10.3,8,1,67,8,1,14,8,1,201.8,8,1,,0,1
1984/6,21.1,8,1,25.4,8,1,17.3,8,1,68.5,0,8,1,29.5,0,8,1,228.9,0,8,1,0,1,8,1,19.3,5,1,22.3,5,1,16.8,5,1,50,8,1,16,8,1,234.9,8,1,,0,1
1984/7,24.7,8,1,28.4,8,1,21.3,8,1,280.5,0,8,1,48.0,0,8,1,202.6,0,8,1,0,1,8,1,23.4,8,1,25.9,5,1,21.4,5,1,112,8,1,34,8,1,217.3,8,1,,0,1
1984/8,26.1,8,1,30.9,8,1,21.7,8,1,69.0,0,8,1,23.0,0,8,1,305.9,0,8,1,0,1,8,1,25.6,8,1,29.0,8,1,22.6,8,1,75,8,1,60,8,1,318.9,8,1,,0,1
1984/9,19.9,8,1,24.3,8,1,16.0,8,1,193.5,0,8,1,55.0,0,8,1,187.0,0,8,1,0,1,8,1,20.2,8,1,23.1,8,1,17.6,8,1,170,8,1,77,8,1,201.5,8,1,,0,1
1984/10,13.7,8,1,17.8,8,1,9.2,8,1,170.5,0,8,1,47.0,0,8,1,180.1,0,8,1,0,1,8,1,14.1,5,1,16.7,5,1,11.8,5,1,89,8,1,31,8,1,202.3,8,1,,0,1
1984/11,7.8,8,1,11.8,8,1,3.8,8,1,146.5,0,8,1,54.0,0,8,1,120.0,0,8,1,1,0,8,1,8.9,8,1,11.5,5,1,6.5,5,1,70,8,1,19,8,1,135.0,8,1,,0,1
1984/12,3.3,8,1,6.5,8,1,0.4,8,1,167.0,0,8,1,27.0,0,8,1,75.3,0,8,1,33,0,8,1,3.4,8,1,5.6,8,1,1.3,8,1,101,8,1,21,8,1,78.4,8,1,,0,1
1985/1,-1.0,8,1,1.5,8,1,-3.6,8,1,80.0,0,8,1,11.0,0,8,1,65.3,0,8,1,31,0,8,1,-1.3,8,1,1.1,8,1,-3.1,8,1,47,8,1,12,8,1,82.3,8,1,,0,1
1985/2,1.8,8,1,4.8,8,1,-1.2,8,1,106.0,0,8,1,34.0,0,8,1,89.4,0,8,1,14,0,8,1,1.8,8,1,4.3,5,1,-0.3,5,1,60,8,1,14,8,1,101.8,8,1,,0,1
1985/3,3.9,8,1,7.4,8,1,0.4,8,1,105.0,0,8,1,31.0,0,8,1,130.1,0,8,1,16,0,8,1,3.7,8,1,6.7,5,1,1.3,5,1,88,8,1,21,8,1,144.7,8,1,,0,1
1985/4,10.9,8,1,15.6,8,1,6.6,8,1,67.5,0,8,1,16.5,0,8,1,189.9,0,8,1,0,1,8,1,9.9,8,1,13.2,8,1,7.0,8,1,63,8,1,13,8,1,205.0,8,1,,0,1
1985/5,15.6,8,1,20.2,8,1,10.8,8,1,129.5,0,8,1,48.0,0,8,1,238.5,0,8,1,0,1,8,1,14.0,5,1,17.2,5,1,11.4,5,1,114,8,1,53,8,1,254.4,8,1,,0,1
1985/6,19.1,8,1,23.2,8,1,15.3,8,1,51.5,0,8,1,20.5,0,8,1,210.2,0,8,1,0,1,8,1,17.7,8,1,20.9,8,1,15.2,8,1,39,8,1,13,8,1,229.2,8,1,,0,1
1985/7,23.1,8,1,26.8,8,1,20.0,8,1,207.5,0,8,1,69.5,0,8,1,185.6,0,8,1,0,1,8,1,21.8,8,1,24.7,8,1,19.6,8,1,154,8,1,46,8,1,203.4,8,1,,0,1
1985/8,27.9,8,1,32.8,8,1,23.5,8,1,49.5,0,8,1,24.5,0,8,1,332.6,0,8,1,0,1,8,1,27.1,8,1,30.5,8,1,24.5,8,1,57,8,1,39,8,1,341.2,8,1,,0,1
1985/9,20.3,8,1,24.4,8,1,16.6,8,1,165.5,0,8,1,36.0,0,8,1,150.1,0,8,1,0,1,8,1,20.7,8,1,23.3,8,1,18.3,8,1,193,8,1,55,8,1,176.1,8,1,,0,1
1985/10,14.5,8,1,18.6,8,1,10.3,8,1,162.0,0,8,1,29.0,0,8,1,143.8,0,8,1,0,1,8,1,14.7,5,1,17.6,5,1,12.5,5,1,115,8,1,22,8,1,176.9,8,1,,0,1
1985/11,9.1,8,1,12.4,8,1,5.8,8,1,390.0,0,8,1,42.5,0,8,1,53.5,0,8,1,13,0,8,1,9.7,8,1,12.1,8,1,7.4,8,1,188,8,1,34,8,1,83.6,8,1,,0,1
1985/12,2.5,8,1,5.5,8,1,-0.2,8,1,192.0,0,8,1,22.5,0,8,1,34.3,0,8,1,20,0,8,1,2.9,8,1,5.2,8,1,0.8,8,1,163,8,1,22,8,1,37.3,8,1,,0,1
1986/1,0.0,8,1,2.3,8,1,-2.4,8,1,140.5,0,8,1,25.5,0,8,1,31.6,0,8,2,14,0,8,1,0.0,8,1,2.2,8,1,-1.9,8,1,51,8,1,9,8,1,71.7,8,1,,0,1
1986/2,-0.3,8,1,2.2,8,1,-3.1,8,1,120.0,0,8,1,31.5,0,8,1,34.3,0,8,2,49,0,8,1,-0.4,8,1,1.5,5,1,-2.2,5,1,66,8,1,12,8,1,81.7,8,1,,0,1
1986/3,3.9,8,1,7.4,8,1,0.3,8,1,74.5,0,8,1,13.0,0,8,1,114.8,0,8,2,42,0,8,1,4.1,8,1,6.9,8,1,1.6,8,1,53,8,1,8,8,1,170.4,8,1,,0,1
1986/4,10.1,8,1,14.4,8,1,6.0,8,1,123.5,0,8,1,32.5,0,8,1,155.8,0,8,2,0,1,8,1,9.1,8,1,12.3,8,1,6.2,8,1,82,8,1,26,8,1,211.2,8,1,,0,1
1986/5,14.5,8,1,19.0,8,1,10.1,8,1,97.0,0,8,1,20.0,0,8,1,189.3,0,8,2,0,1,8,1,12.8,5,1,16.4,5,1,9.6,5,1,74,8,1,19,8,1,227.3,8,1,,0,1
1986/6,18.6,8,1,22.8,8,1,14.7,8,1,128.5,0,8,1,25.0,0,8,1,194.0,0,8,2,0,1,8,1,17.3,8,1,20.9,8,1,14.5,8,1,86,8,1,29,8,1,239.8,8,1,,0,1
1986/7,21.0,8,1,24.6,8,1,17.8,8,1,129.5,0,8,1,24.5,0,8,1,151.7,0,8,2,0,1,8,1,19.9,8,1,22.8,5,1,17.4,5,1,81,8,1,18,8,1,198.7,8,1,,0,1
1986/8,25.1,8,1,29.5,8,1,21.3,8,1,214.0,0,8,1,98.5,0,8,1,219.4,0,8,2,0,1,8,1,24.1,8,1,27.3,8,1,21.7,8,1,101,8,1,52,8,1,139.1,4,2,,0,1
1986/9,21.2,8,1,25.5,8,1,17.3,8,1,148.5,0,8,1,37.0,0,8,1,171.2,0,8,2,0,1,8,1,21.1,8,1,24.3,8,1,18.2,8,1,146,8,1,36,8,1,189.0,8,2,,0,1
1986/10,13.2,8,1,17.5,8,1,9.4,8,1,192.0,0,8,1,29.5,0,8,1,98.6,0,8,2,0,1,8,1,14.0,5,1,16.9,5,1,11.5,5,1,150,8,1,21,8,1,102.0,8,2,,0,1
1986/11,7.8,8,1,11.8,8,1,4.0,8,1,242.5,0,8,1,38.5,0,8,1,75.1,0,8,2,0,0,8,1,8.3,8,1,10.9,8,1,5.7,8,1,91,8,1,19,8,1,80.1,8,2,,0,1
1986/12,5.0,8,1,8.1,8,1,1.8,8,1,142.0,0,8,1,19.5,0,8,1,45.5,0,8,2,11,0,8,1,4.9,8,1,7.3,8,1,2.6,8,1,83,8,1,14,8,1,53.8,8,2,,0,1
1987/1,1.1,8,1,4.0,8,1,-1.8,8,1,140.5,0,8,1,20.0,0,8,1,29.3,0,8,2,10,0,8,1,0.9,8,1,3.8,8,1,-1.7,8,1,70,8,1,14,8,1,42.3,8,2,,0,1
1987/2,1.9,8,1,4.9,8,1,-0.9,8,1,115.0,0,8,1,54.0,0,8,1,59.2,0,8,2,7,0,8,1,1.6,8,1,4.3,8,1,-0.8,8,1,97,8,1,48,8,1,63.4,8,2,,0,1
1987/3,4.3,8,1,7.9,8,1,0.7,8,1,134.0,0,8,1,22.0,0,8,1,95.3,0,8,2,4,0,8,1,4.1,8,1,7.1,8,1,1.2,8,1,74,8,1,20,8,1,107.8,8,2,,0,1
1987/4,9.4,8,1,14.5,8,1,4.0,8,1,41.5,0,8,1,15.0,0,8,1,206.6,0,8,2,1,0,8,1,8.9,8,1,12.7,5,1,5.4,5,1,28,8,1,15,8,1,200.9,8,2,,0,1
1987/5,15.4,8,1,20.5,8,1,10.7,8,1,105.0,0,8,1,25.5,0,8,1,199.2,0,8,2,0,1,8,1,13.9,5,1,17.8,5,1,10.5,5,1,102,8,1,28,8,1,186.9,8,2,,0,1
1987/6,20.1,8,1,24.8,8,1,15.5,8,1,46.0,0,8,1,17.0,0,8,1,257.1,0,8,2,0,1,8,1,18.3,8,1,22.4,8,1,15.1,8,1,91,8,1,40,8,1,216.4,8,2,,0,1
1987/7,23.5,8,1,27.2,8,1,20.4,8,1,291.5,0,8,1,48.5,0,8,1,136.3,0,8,2,0,1,8,1,22.0,8,1,25.0,5,1,19.5,5,1,224,4,1,51,4,1,128.1,8,2,,0,1
1987/8,24.6,8,1,28.4,8,1,21.2,8,1,364.5,0,8,1,73.0,0,8,1,173.8,0,8,2,0,1,8,1,23.8,8,1,26.9,5,1,21.5,5,1,280,8,1,90,8,1,164.3,8,2,,0,1
1987/9,21.3,8,1,25.8,8,1,17.6,8,1,102.0,0,8,1,39.0,0,8,1,153.1,0,8,2,0,1,8,1,21.1,8,1,24.1,8,1,18.7,8,1,76,8,1,36,8,1,160.6,8,2,,0,1
1987/10,15.5,8,1,20.1,8,1,11.0,8,1,82.5,0,8,1,21.5,0,8,1,144.8,0,8,2,0,1,8,1,15.9,8,1,18.7,5,1,12.9,5,1,43,8,1,8,8,1,147.9,8,2,,0,1
1987/11,8.8,8,1,12.8,8,1,4.9,8,1,174.0,0,8,1,49.0,0,8,1,82.1,0,8,2,0,0,8,1,9.5,5,1,12.6,5,1,6.8,5,1,103,5,1,32,5,1,94.9,5,2,,0,1
1987/12,4.6,8,1,8.0,8,1,1.5,8,1,162.5,0,8,1,26.0,0,8,1,50.8,0,8,2,9,0,8,1,5.3,8,1,8.0,8,1,2.8,8,1,156,8,1,22,8,1,50.8,8,2,,0,1
1988/1,2.5,8,1,5.5,8,1,-0.4,8,1,192.0,0,8,1,27.5,0,8,1,36.1,0,8,2,45,0,8,1,2.7,8,1,5.1,8,1,0.5,8,1,108,8,1,15,8,1,28.7,8,2,,0,1
1988/2,-0.3,8,1,2.3,8,1,-2.9,8,1,99.0,0,8,1,24.5,0,8,1,57.8,0,8,2,42,0,8,1,-0.3,8,1,2.3,8,1,-2.2,8,1,84,8,1,27,8,1,43.0,8,2,,0,1
1988/3,3.7,8,1,7.4,8,1,-0.1,8,1,76.0,0,8,1,10.5,0,8,1,111.6,0,8,2,16,0,8,1,4.1,8,1,7.2,8,1,1.4,8,1,103,8,1,23,8,1,120.5,8,2,,0,1
1988/4,9.4,8,1,14.2,8,1,4.7,8,1,94.0,0,8,1,14.5,0,8,1,180.4,0,5,2,0,1,8,1,9.1,8,1,12.7,8,1,6.3,8,1,90,8,1,12,8,1,184.1,8,2,,0,1
1988/5,14.0,8,1,18.0,8,1,10.4,8,1,112.5,0,8,1,26.0,0,8,1,181.2,0,8,2,0,1,8,1,12.8,5,1,16.3,5,1,9.9,5,1,88,8,1,29,8,1,165.2,8,2,,0,1
1988/6,19.4,8,1,23.4,8,1,16.0,8,1,65.0,0,8,1,18.5,0,8,1,158.2,0,8,2,0,1,8,1,17.8,8,1,21.2,8,1,15.2,8,1,39,8,1,11,8,1,129.5,8,2,,0,1
1988/7,21.1,8,1,24.9,8,1,18.1,8,1,94.0,0,8,1,15.5,0,8,1,159.5,0,8,2,0,1,8,1,20.6,8,1,23.8,5,1,18.3,5,1,104,8,1,23,8,1,138.3,5,2,,0,1
1988/8,26.3,8,1,30.7,8,1,22.8,8,1,96.0,0,8,1,63.5,0,8,1,221.6,0,8,2,0,1,8,1,25.6,8,1,28.7,8,1,23.4,8,1,128,8,1,52,8,1,209.7,8,2,,0,1
1988/9,20.8,8,1,24.6,8,1,17.4,8,1,151.5,0,8,1,34.5,0,8,1,142.2,0,8,2,0,1,8,1,21.1,8,1,23.7,8,1,18.8,8,1,99,8,1,23,8,1,144.6,8,2,,0,1
1988/10,14.0,8,1,18.2,8,1,9.8,8,1,173.0,0,8,1,36.0,0,8,1,144.9,0,5,2,0,1,8,1,14.5,8,1,17.8,5,1,11.8,5,1,68,8,1,13,8,1,168.6,8,2,,0,1
1988/11,6.9,8,1,10.6,8,1,3.3,8,1,188.5,0,5,1,47.0,0,5,1,87.5,0,8,2,3,0,8,1,7.8,8,1,10.7,8,1,5.1,8,1,158,8,1,22,8,1,91.0,8,2,,0,1
1988/12,4.2,8,1,7.3,8,1,1.5,8,1,127.0,0,8,1,21.0,0,8,1,43.2,0,8,2,5,0,8,1,4.6,8,1,7.0,8,1,2.3,8,1,108,8,1,20,8,1,46.9,8,2,,0,1
1989/1,3.0,8,1,5.9,8,1,0.0,8,1,123.5,0,8,1,24.5,0,8,1,63.2,0,8,2,10,0,8,1,3.6,8,1,6.1,8,1,1.0,8,1,117,8,1,26,8,1,78.9,8,2,,0,1
1989/2,3.1,8,1,5.9,8,1,0.4,8,1,124.0,0,8,1,23.0,0,8,1,63.1,0,8,2,12,0,8,1,3.1,8,1,5.5,8,1,1.0,8,1,121,8,1,24,8,1,62.4,8,2,,0,1
1989/3,6.0,8,1,9.5,8,1,2.8,8,1,83.5,0,8,1,17.5,0,8,1,119.7,0,8,2,1,0,8,1,5.8,8,1,8.9,8,1,3.4,8,1,99,8,1,30,8,1,121.6,8,2,,0,1
1989/4,10.4,8,1,15.0,8,1,6.1,8,1,160.0,0,8,1,28.5,0,8,1,145.0,0,8,2,0,1,8,1,9.6,8,1,12.9,8,1,6.7,8,1,133,8,1,38,8,1,140.5,8,2,,0,1
1989/5,15.1,8,1,19.3,8,1,11.0,8,1,40.0,0,8,1,16.0,0,8,1,199.8,0,8,2,0,1,8,1,13.8,8,1,16.8,8,1,11.1,8,1,23,8,1,7,8,1,172.8,8,2,,0,1
1989/6,18.6,8,1,22.7,8,1,14.9,8,1,67.5,0,8,1,13.0,0,8,1,172.6,0,8,2,0,1,8,1,17.5,8,1,21.4,8,1,14.4,8,1,48,8,1,16,8,1,143.4,8,2,,0,1
1989/7,23.9,8,1,28.1,8,1,20.3,8,1,50.0,0,8,1,19.5,0,8,1,241.6,0,8,2,0,1,8,1,22.7,8,1,26.3,5,1,19.6,5,1,18,8,1,11,8,1,209.6,8,2,,0,1
1989/8,25.8,8,1,30.0,8,1,22.0,8,1,150.0,0,8,1,84.0,0,8,1,224.8,0,8,2,0,1,8,1,25.0,8,1,28.2,8,1,22.4,8,1,170,8,1,55,8,1,218.9,8,2,,0,1
1989/9,20.9,8,1,24.2,8,1,18.0,8,1,259.5,0,8,1,47.5,0,8,1,89.1,0,8,2,0,1,8,1,20.6,8,1,23.3,8,1,18.3,8,1,235,8,1,43,8,1,85.5,8,2,,0,1
1989/10,14.4,8,1,18.7,8,1,10.2,8,1,158.0,0,8,1,32.5,0,8,1,140.0,0,8,2,0,1,8,1,15.2,8,1,18.2,5,1,12.6,5,1,159,8,1,39,8,1,133.0,8,2,,0,1
1989/11,10.8,8,1,14.3,8,1,7.4,8,1,233.5,0,8,1,51.0,0,8,1,78.8,0,8,2,4,0,8,1,11.5,8,1,14.0,8,1,9.2,8,1,182,8,1,35,8,1,87.8,8,2,,0,1
1989/12,5.0,8,1,7.8,8,1,2.2,8,1,192.5,0,8,1,26.5,0,8,1,42.0,0,8,2,9,0,8,1,5.4,8,1,7.8,8,1,3.1,8,1,161,8,1,24,8,1,41.7,8,2,,0,1
1990/1,0.4,8,1,3.3,8,1,-2.4,8,1,203.0,0,8,1,34.0,0,8,1,43.6,0,8,2,22,0,8,1,1.1,8,1,3.3,8,1,-0.7,8,1,168,8,1,25,8,1,41.1,8,2,,0,1
1990/2,4.0,8,1,6.9,8,1,0.9,8,1,66.5,0,8,1,15.0,0,8,1,54.2,0,8,2,20,0,8,1,4.5,8,1,6.8,8,1,2.6,8,1,72,8,1,20,8,1,50.7,8,2,,0,1
1990/3,6.1,8,1,9.7,8,1,2.2,8,1,102.5,0,8,1,24.5,0,8,1,137.2,0,8,2,5,0,8,1,6.3,8,1,9.6,5,1,3.6,5,1,72,8,1,15,8,1,160.2,8,2,,0,1
1990/4,11.0,8,1,15.4,8,1,6.4,8,1,121.0,0,8,1,17.5,0,8,1,184.4,0,8,2,0,0,8,1,10.5,8,1,13.9,8,1,7.5,8,1,122,8,1,30,8,1,194.0,8,2,,0,1
1990/5,15.5,8,1,19.2,8,1,11.7,8,1,60.0,0,8,1,16.5,0,8,1,190.3,0,8,2,0,1,8,1,14.2,5,1,17.8,5,1,11.4,5,1,69,8,1,23,8,1,170.3,8,2,,0,1
1990/6,20.6,8,1,24.4,8,1,17.3,8,1,355.0,0,8,1,152.5,0,8,1,171.7,0,8,2,0,1,8,1,19.2,8,1,22.7,8,1,16.4,8,1,55,8,1,35,8,1,132.4,8,2,,0,1
1990/7,23.5,8,1,27.5,8,1,20.0,8,1,233.5,0,8,1,125.5,0,8,1,196.5,0,8,2,0,1,8,1,22.4,8,1,25.8,8,1,19.7,8,1,132,8,1,58,8,1,163.6,8,2,,0,1
1990/8,26.2,8,1,30.7,8,1,21.9,8,1,142.0,0,8,1,55.5,0,8,1,242.1,0,8,2,0,1,8,1,25.3,8,1,28.9,8,1,22.3,8,1,123,8,1,36,8,1,213.6,8,2,,0,1
1990/9,22.1,8,1,26.3,8,1,18.3,8,1,153.0,0,8,1,49.5,0,8,1,141.1,0,8,2,0,1,8,1,21.9,8,1,24.7,8,1,19.4,8,1,333,8,1,123,8,1,134.6,8,2,,0,1
1990/10,16.4,8,1,20.6,8,1,12.3,8,1,159.5,0,8,1,59.5,0,8,1,162.1,0,8,2,0,1,8,1,16.8,5,1,20.0,5,1,14.3,5,1,93,8,1,19,8,1,172.0,8,2,,0,1
1990/11,11.5,8,1,15.5,8,1,7.6,8,1,208.5,0,8,1,37.5,0,8,1,82.7,0,8,2,0,1,8,1,12.3,8,1,15.2,8,1,9.5,8,1,148,8,1,26,8,1,95.2,8,2,,0,1
1990/12,7.0,8,1,10.0,8,1,4.3,8,1,297.5,0,8,1,37.5,0,8,1,34.4,0,8,2,2,0,8,1,7.2,8,1,9.5,8,1,5.4,8,1,149,8,1,18,8,1,35.1,8,2,,0,1
1991/1,2.2,8,1,4.5,8,1,-0.4,8,1,180.5,0,8,1,20.0,0,8,1,24.8,0,8,2,43,0,8,1,2.7,8,1,4.6,8,1,1.1,8,1,129,8,1,16,8,1,33.9,8,2,,0,1
1991/2,1.7,8,1,4.5,8,1,-1.1,8,1,152.5,0,8,1,18.0,0,8,1,52.9,0,8,2,43,0,8,1,2.1,8,1,4.2,5,1,0.0,5,1,175,8,1,27,8,1,63.8,8,2,,0,1
1991/3,4.7,8,1,8.1,8,1,1.2,8,1,73.0,0,8,1,15.0,0,8,1,114.5,0,8,2,10,0,8,1,4.5,5,1,7.4,5,1,1.9,5,1,52,5,1,14,5,1,92.1,5,2,,0,1
1991/4,10.7,8,1,15.9,8,1,5.7,8,1,75.5,0,8,1,34.5,0,8,1,225.2,0,8,2,0,1,8,1,10.0,8,1,13.9,8,1,6.5,8,1,54,8,1,29,8,1,221.3,8,2,,0,1
1991/5,15.6,8,1,20.2,8,1,11.4,8,1,135.5,0,8,1,73.0,0,8,1,229.9,0,8,2,0,1,8,1,14.0,8,1,17.7,8,1,11.0,8,1,115,8,1,59,8,1,200.0,8,2,,0,1
1991/6,21.0,8,1,24.7,8,1,17.9,8,1,212.5,0,8,1,52.5,0,8,1,168.1,0,8,2,0,1,8,1,19.2,8,1,22.9,8,1,16.6,8,1,27,8,1,20,8,1,137.4,8,2,,0,1
1991/7,22.8,8,1,25.9,8,1,20.2,8,1,273.5,0,8,1,40.0,0,8,1,100.4,0,8,2,0,1,8,1,21.4,8,1,24.2,8,1,19.3,8,1,143,8,1,53,8,1,84.9,8,2,,0,1
1991/8,23.7,8,1,27.9,8,1,20.2,8,1,173.0,0,8,1,59.0,0,8,1,216.2,0,8,2,0,1,8,1,22.8,8,1,26.5,8,1,20.1,8,1,116,8,1,32,8,1,206.7,8,2,,0,1
1991/9,21.2,8,1,25.4,8,1,17.5,8,1,102.5,0,8,1,45.0,0,8,1,135.7,0,8,2,0,1,8,1,20.7,8,1,24.1,8,1,17.7,8,1,106,8,1,39,8,1,146.9,8,2,,0,1
1991/10,15.9,8,1,19.2,8,1,12.9,8,1,195.5,0,8,1,49.0,0,8,1,90.2,0,8,2,0,1,8,1,16.1,8,1,18.9,8,1,13.8,8,1,176,8,1,57,8,1,102.3,8,2,,0,1
1991/11,8.8,8,1,12.8,8,1,5.0,8,1,271.0,0,8,1,35.5,0,8,1,91.9,0,8,2,1,0,8,1,9.9,8,1,12.5,8,1,7.5,8,1,181,8,1,26,8,1,98.0,8,2,,0,1
1991/12,5.1,8,1,8.8,8,1,2.0,8,1,145.0,0,8,1,20.0,0,8,1,60.2,0,8,2,6,0,8,1,5.7,8,1,8.3,8,1,3.4,8,1,114,8,1,20,8,1,55.9,8,2,,0,1
1992/1,3.1,8,1,5.7,8,1,0.4,8,1,147.5,0,8,1,19.0,0,8,1,38.9,0,8,2,6,0,8,1,3.2,8,1,5.3,8,1,1.3,8,1,101,8,1,17,8,1,41.9,8,2,,0,1
1992/2,2.0,8,1,4.8,8,1,-0.8,8,1,206.0,0,8,1,43.5,0,8,1,52.0,0,8,2,7,0,8,1,2.2,8,1,4.3,8,1,0.3,8,1,150,8,1,36,8,1,62.1,8,2,,0,1
1992/3,5.4,8,1,8.7,8,1,2.0,8,1,87.0,0,8,1,19.5,0,8,1,105.8,0,8,2,21,0,8,1,4.7,5,1,7.3,5,1,2.5,5,1,81,5,1,23,5,1,106.5,5,2,,0,1
1992/4,10.4,8,1,14.7,8,1,6.3,8,1,133.0,0,8,1,33.0,0,8,1,140.4,0,8,2,0,1,8,1,9.5,5,1,12.4,5,1,6.7,5,1,125,5,1,52,5,1,149.4,5,2,,0,1
1992/5,13.7,8,1,17.6,8,1,9.9,8,1,178.5,0,8,1,70.5,0,8,1,179.8,0,8,2,0,1,8,1,12.5,5,1,15.8,5,1,9.5,5,1,58,5,1,42,5,1,177.9,5,2,,0,1
1992/6,19.1,8,1,23.5,8,1,14.9,8,1,72.5,0,8,1,23.5,0,8,1,232.2,0,8,2,0,1,8,1,17.7,8,1,21.8,8,1,14.5,8,1,49,8,1,14,8,1,163.3,8,2,,0,1
1992/7,23.2,8,1,26.9,8,1,20.1,8,1,165.5,0,8,1,82.5,0,8,1,171.8,0,8,2,0,1,8,1,22.1,8,1,25.3,8,1,19.6,8,1,79,8,1,41,8,1,140.4,8,2,,0,1
1992/8,25.1,8,1,29.4,8,1,21.5,8,1,88.0,0,8,1,25.5,0,8,1,200.7,0,8,2,0,1,8,1,23.9,8,1,27.3,8,1,21.3,8,1,174,8,1,65,8,1,167.6,8,2,,0,1
1992/9,20.1,8,1,24.4,8,1,16.2,8,1,116.5,0,8,1,29.0,0,8,1,152.3,0,8,2,0,1,8,1,19.8,8,1,23.2,8,1,17.0,8,1,76,8,1,19,8,1,159.3,8,2,,0,1
1992/10,15.0,8,1,19.3,8,1,10.9,8,1,135.0,0,8,1,31.5,0,8,1,158.9,0,8,2,0,1,8,1,15.3,8,1,18.7,5,1,12.7,5,1,113,8,1,26,8,1,151.7,5,2,,0,1
1992/11,9.8,8,1,13.7,8,1,6.1,8,1,198.5,0,8,1,51.5,0,8,1,80.9,0,8,2,3,0,8,1,10.3,8,1,13.3,8,1,7.4,8,1,135,8,1,25,8,1,81.1,8,2,,0,1
1992/12,5.2,8,1,8.5,8,1,2.0,8,1,187.0,0,8,1,20.0,0,8,1,38.9,0,8,2,12,0,8,1,5.3,8,1,7.8,8,1,3.2,8,1,143,8,1,16,8,1,45.5,8,2,,0,1
1993/1,3.1,8,1,5.6,8,1,0.5,8,1,130.0,0,8,1,26.5,0,8,1,35.2,0,8,2,9,0,8,1,3.4,8,1,5.4,8,1,1.5,8,1,106,8,1,19,8,1,35.4,8,2,,0,1
1993/2,3.7,8,1,6.6,8,1,0.9,8,1,211.0,0,8,1,33.0,0,8,1,35.3,0,8,2,9,0,8,1,3.4,8,1,5.7,8,1,1.2,8,1,150,8,1,27,8,1,36.1,8,2,,0,1
1993/3,4.9,8,1,8.5,8,1,1.5,8,1,117.0,0,8,1,19.5,0,8,1,129.0,0,8,2,6,0,8,1,4.9,8,1,7.9,5,1,2.5,5,1,69,8,1,23,8,1,151.2,8,2,,0,1
1993/4,8.7,8,1,13.1,8,1,4.5,8,1,103.5,0,8,1,12.5,0,8,1,141.2,0,8,2,0,1,8,1,8.2,8,1,11.4,8,1,5.5,8,1,84,8,1,15,8,1,145.5,8,2,,0,1
1993/5,14.1,8,1,18.3,8,1,10.4,8,1,107.0,0,8,1,35.5,0,8,1,186.5,0,8,2,0,1,8,1,12.7,8,1,16.1,8,1,9.8,8,1,108,8,1,22,8,1,157.5,8,2,,0,1
1993/6,18.5,8,1,21.9,8,1,15.8,8,1,146.0,0,8,1,39.5,0,8,1,123.6,0,8,2,0,1,8,1,17.1,8,1,20.4,8,1,14.6,8,1,97,8,1,26,8,1,93.3,8,2,,0,1
1993/7,21.3,8,1,24.8,8,1,18.2,8,1,305.5,0,8,1,85.5,0,8,1,139.5,0,8,2,0,1,8,1,20.3,8,1,23.3,5,1,17.9,5,1,233,8,1,59,8,1,112.7,8,2,,0,1
1993/8,22.3,8,1,26.1,8,1,19.2,8,1,80.0,0,8,1,19.0,0,8,1,139.1,0,8,2,0,1,8,1,21.2,8,1,24.4,8,1,18.8,8,1,148,8,1,46,8,1,119.1,8,2,,0,1
1993/9,19.7,8,1,23.8,8,1,15.9,8,1,179.5,0,8,1,44.5,0,8,1,149.3,0,8,2,0,1,8,1,19.4,8,1,22.7,8,1,16.8,8,1,103,5,1,34,5,1,142.4,8,2,,0,1
1993/10,13.7,8,1,17.9,8,1,9.5,8,1,153.5,0,8,1,33.5,0,8,1,120.2,0,8,2,0,1,8,1,13.9,8,1,16.9,8,1,11.3,8,1,150,8,1,36,8,1,133.0,8,2,,0,1
1993/11,10.6,8,1,14.1,8,1,6.6,8,1,297.5,0,8,1,72.0,0,8,1,100.3,0,8,2,1,0,8,1,10.7,8,1,13.1,8,1,8.4,8,1,192,8,1,44,8,1,103.8,8,2,,0,1
1993/12,4.5,8,1,7.8,8,1,1.9,8,1,203.0,0,8,1,31.0,0,8,1,48.2,0,8,2,10,0,8,1,4.9,8,1,7.7,8,1,2.5,8,1,169,8,1,35,8,1,48.8,8,2,,0,1
1994/1,1.4,8,1,4.5,8,1,-1.4,8,1,175.5,0,8,1,24.5,0,8,1,46.4,0,8,2,34,0,8,1,1.5,8,1,3.9,8,1,-0.5,8,1,153,8,1,24,8,1,40.4,8,2,,0,1
1994/2,2.5,8,1,5.2,8,1,-0.1,8,1,92.0,0,8,1,9.5,0,8,1,61.5,0,8,2,31,0,8,1,2.4,8,1,4.7,8,1,0.5,8,1,84,8,1,18,8,1,63.3,8,2,,0,1
1994/3,3.6,8,1,6.8,8,1,0.4,8,1,51.0,0,8,1,10.5,0,8,1,114.4,0,8,2,7,0,8,1,3.3,8,1,6.3,8,1,0.9,8,1,53,8,1,7,8,1,119.3,8,2,,0,1
1994/4,10.0,8,1,15.1,8,1,5.1,8,1,30.5,0,8,1,7.0,0,8,1,215.6,0,8,2,0,1,8,1,9.2,8,1,12.7,8,1,6.2,8,1,34,8,1,11,8,1,204.4,8,2,,0,1
1994/5,16.2,8,1,21.1,8,1,11.6,8,1,80.0,0,8,1,17.5,0,8,1,210.2,0,8,2,0,1,8,1,14.3,8,1,17.9,8,1,11.3,8,1,64,8,1,20,8,1,168.3,8,2,,0,1
1994/6,19.3,8,1,23.3,8,1,15.6,8,1,69.0,0,8,1,17.0,0,8,1,180.2,0,8,2,0,1,8,1,17.8,8,1,21.4,8,1,14.6,8,1,54,8,1,16,8,1,153.7,8,2,,0,1
1994/7,25.1,8,1,29.0,8,1,21.7,8,1,109.0,0,8,1,57.0,0,8,1,232.7,0,8,2,0,1,8,1,23.2,8,1,26.4,8,1,20.4,8,1,115,8,1,49,8,1,197.9,8,2,,0,1
1994/8,27.6,8,1,32.2,8,1,23.8,8,1,30.5,0,8,1,19.5,0,8,1,242.2,0,8,2,0,1,8,1,26.6,8,1,30.4,8,1,23.9,8,1,29,8,1,25,8,1,200.4,8,2,,0,1
1994/9,22.6,8,1,26.9,8,1,18.9,8,1,278.0,0,8,1,53.5,0,8,1,142.5,0,8,2,0,1,8,1,22.6,8,1,26.0,8,1,19.9,8,1,189,8,1,46,8,1,124.9,8,2,,0,1
1994/10,16.4,8,1,20.4,8,1,12.6,8,1,115.0,0,8,1,41.5,0,8,1,141.4,0,8,2,0,1,8,1,16.7,8,1,19.9,8,1,14.2,8,1,57,8,1,20,8,1,144.1,8,2,,0,1
1994/11,9.3,8,1,13.6,8,1,5.3,8,1,80.0,0,8,1,21.0,0,8,1,81.8,0,8,2,0,1,8,1,10.2,8,1,13.3,8,1,7.4,8,1,91,8,1,20,8,1,85.7,8,2,,0,1
1994/12,4.1,8,1,7.2,8,1,1.3,8,1,229.5,0,8,1,56.0,0,8,1,38.9,0,8,2,31,0,8,1,4.6,8,1,6.9,8,1,2.5,8,1,154,8,1,42,8,1,53.3,8,2,,0,1
1995/1,1.3,8,1,4.1,8,1,-1.5,8,1,125.5,0,8,1,18.0,0,8,1,44.4,0,8,2,18,0,8,1,1.3,8,1,3.6,8,1,-0.7,8,1,129,8,1,22,8,1,46.4,8,2,,0,1
1995/2,2.0,8,1,5.1,8,1,-0.7,8,1,79.0,0,8,1,17.5,0,8,1,70.3,0,8,2,23,0,8,1,2.3,8,1,5.2,8,1,0.3,8,1,79,8,1,13,8,1,83.7,8,2,,0,1
1995/3,4.7,8,1,8.5,8,1,1.1,8,1,121.0,0,8,1,19.5,0,8,1,116.9,0,8,2,5,0,8,1,4.8,8,1,8.0,8,1,2.1,8,1,100,8,1,22,8,1,120.3,8,2,,0,1
1995/4,10.7,8,1,15.4,8,1,5.9,8,1,149.0,0,8,1,31.0,0,8,1,160.6,0,8,2,0,0,8,1,9.8,8,1,13.6,8,1,6.2,8,1,133,8,1,34,8,1,179.3,8,2,,0,1
1995/5,15.6,8,1,19.9,8,1,11.8,8,1,119.5,0,8,1,46.5,0,8,1,174.2,0,8,2,0,1,8,1,14.2,8,1,17.9,8,1,11.2,8,1,83,8,1,23,8,1,154.4,8,2,,0,1
1995/6,18.7,8,1,22.4,8,1,15.7,8,1,62.0,0,8,1,13.5,0,8,1,138.2,0,8,2,0,1,8,1,17.4,8,1,20.8,8,1,14.6,8,1,40,8,1,12,8,1,134.6,8,2,,0,1
1995/7,23.1,8,1,26.3,8,1,20.5,8,1,181.5,0,8,1,35.0,0,8,1,113.3,0,8,2,0,1,8,1,21.8,8,1,24.3,8,1,19.9,8,1,144,8,1,61,8,1,102.3,5,2,,0,1
1995/8,25.4,8,1,29.0,8,1,22.0,8,1,275.0,0,8,1,49.0,0,8,1,144.3,0,8,2,0,1,8,1,24.3,8,1,27.0,8,1,22.0,8,1,270,8,1,64,8,1,156.5,8,2,,0,1
1995/9,19.9,8,1,24.1,8,1,15.9,8,1,187.5,0,8,1,38.5,0,8,1,149.8,0,8,2,0,1,8,1,20.1,8,1,23.3,8,1,17.4,8,1,63,8,1,15,8,1,161.3,8,2,,0,1
1995/10,16.3,8,1,20.6,8,1,12.3,8,1,155.0,0,8,1,34.5,0,8,1,146.8,0,8,2,0,1,8,1,16.7,8,1,19.7,8,1,14.2,8,1,153,8,1,46,8,1,151.5,8,2,,0,1
1995/11,8.9,8,1,12.8,8,1,5.3,8,1,298.5,0,8,1,35.0,0,8,1,66.0,0,8,2,0,1,8,1,9.2,8,1,12.1,8,1,6.6,8,1,177,8,1,18,8,1,78.9,8,2,,0,1
1995/12,4.0,8,1,6.6,8,1,1.4,8,1,258.0,0,8,1,37.5,0,8,1,29.1,0,8,2,46,0,8,1,4.1,8,1,6.2,8,1,2.2,8,1,175,8,1,34,8,1,42.4,8,2,,0,1
1996/1,1.3,8,1,4.1,8,1,-1.3,8,1,125.0,0,8,1,27.0,0,8,1,36.8,0,8,2,13,0,8,1,1.3,8,1,3.9,8,1,-0.7,8,1,75,8,1,11,8,1,58.8,8,2,,0,1
1996/2,1.7,8,1,4.6,8,1,-0.9,8,1,78.0,0,8,1,20.5,0,8,1,71.6,0,8,2,12,0,8,1,1.3,8,1,3.7,8,1,-0.8,8,1,76,8,1,16,8,1,74.3,8,2,,0,1
1996/3,4.2,8,1,7.5,8,1,1.0,8,1,163.0,0,8,1,22.0,0,8,1,101.0,0,8,2,15,0,8,1,3.9,8,1,6.8,8,1,1.4,8,1,114,8,1,27,8,1,118.8,8,2,,0,1
1996/4,8.1,8,1,12.5,8,1,4.0,8,1,113.5,0,8,1,24.0,0,8,1,169.2,0,8,2,0,0,8,1,7.6,8,1,11.2,8,1,4.9,8,1,74,8,1,22,8,1,189.9,8,2,,0,1
1996/5,13.6,8,1,17.9,8,1,9.9,8,1,153.0,0,8,1,35.5,0,8,1,188.3,0,8,2,0,1,8,1,12.1,8,1,15.5,8,1,9.5,8,1,94,8,1,38,8,1,162.6,8,2,,0,1
1996/6,18.9,8,1,22.6,8,1,15.6,8,1,266.5,0,8,1,74.0,0,8,1,128.8,0,5,2,0,1,8,1,17.6,8,1,20.7,8,1,14.8,8,1,140,8,1,59,8,1,130.8,8,2,,0,1
1996/7,23.3,8,1,26.9,8,1,20.1,8,1,166.5,0,8,1,41.0,0,8,1,147.1,0,8,2,0,1,8,1,21.7,8,1,24.5,8,1,19.4,8,1,91,8,1,24,8,1,150.5,8,2,,0,1
1996/8,24.4,8,1,28.7,8,1,20.3,8,1,104.5,0,8,1,58.0,0,8,1,248.2,0,8,2,0,1,8,1,23.5,8,1,27.2,8,1,20.4,8,1,93,8,1,33,8,1,238.0,5,2,,0,1
1996/9,20.2,8,1,24.7,8,1,16.1,8,1,152.0,0,8,1,58.5,0,8,1,158.7,0,8,2,0,1,8,1,20.0,8,1,23.6,8,1,17.1,8,1,82,8,1,24,8,1,164.7,8,2,,0,1
1996/10,15.1,8,1,20.1,8,1,10.8,8,1,177.5,0,8,1,59.5,0,8,1,160.3,0,8,2,0,1,8,1,15.4,8,1,19.1,8,1,12.3,8,1,81,8,1,14,8,1,162.6,8,2,,0,1
1996/11,9.0,8,1,12.5,8,1,5.6,8,1,201.0,0,8,1,36.5,0,8,1,52.6,0,8,2,0,0,8,1,8.9,8,1,11.9,8,1,6.4,8,1,187,8,1,30,8,1,54.4,8,2,,0,1
1996/12,4.6,8,1,8.0,8,1,1.6,8,1,246.5,0,8,1,33.0,0,8,1,56.5,0,8,2,11,0,8,1,5.0,8,1,7.9,8,1,2.6,8,1,215,8,1,40,8,1,56.0,8,2,,0,1
1997/1,2.3,8,1,4.8,8,1,0.1,8,1,173.0,0,8,1,18.0,0,8,1,23.4,0,8,2,27,0,8,1,2.1,8,1,4.6,8,1,0.3,8,1,217,8,1,76,8,1,28.0,8,2,,0,1
1997/2,2.6,8,1,5.6,8,1,-0.4,8,1,113.0,0,8,1,24.5,0,8,1,62.6,0,8,2,20,0,8,1,2.6,8,1,5.3,8,1,0.2,8,1,86,8,1,15,8,1,66.8,8,2,,0,1
1997/3,5.1,8,1,9.1,8,1,1.3,8,1,73.5,0,8,1,24.0,0,8,1,131.8,0,8,2,0,0,8,1,4.8,8,1,8.4,8,1,1.7,8,1,52,8,1,16,8,1,159.2,8,2,,0,1
1997/4,10.1,8,1,13.9,8,1,6.0,8,1,78.0,0,8,1,10.5,0,8,1,123.0,0,8,2,0,1,8,1,9.4,8,1,12.8,8,1,6.5,8,1,70,8,1,19,8,1,144.7,8,2,,0,1
1997/5,15.6,8,1,20.4,8,1,11.4,8,1,214.5,0,8,1,58.0,0,8,1,170.5,0,8,2,0,1,8,1,13.9,8,1,17.5,8,1,10.7,8,1,159,8,1,36,8,1,172.3,8,2,,0,1
1997/6,19.6,8,1,23.3,8,1,16.4,8,1,196.0,0,8,1,60.5,0,8,1,172.2,0,8,2,0,1,8,1,18.1,8,1,21.7,8,1,15.3,8,1,149,8,1,51,8,1,157.7,8,2,,0,1
1997/7,24.0,8,1,28.0,8,1,20.5,8,1,261.5,0,8,1,111.5,0,8,1,221.7,0,8,2,0,1,8,1,22.5,8,1,26.1,8,1,19.8,8,1,111,8,1,29,8,1,205.4,8,2,,0,1
1997/8,24.7,8,1,29.0,8,1,20.8,8,1,137.0,0,8,1,20.5,0,8,1,214.5,0,8,2,0,1,8,1,23.8,8,1,27.2,8,1,20.9,8,1,84,8,1,18,8,1,212.1,8,2,,0,1
1997/9,20.1,8,1,23.4,8,1,17.1,8,1,209.0,0,8,1,36.0,0,8,1,78.4,0,8,2,0,1,8,1,19.6,8,1,22.4,8,1,17.2,8,1,215,8,1,57,8,1,105.3,8,2,,0,1
1997/10,13.9,8,1,18.6,8,1,9.6,8,1,305.0,0,8,1,52.5,0,8,1,144.1,0,8,2,0,1,8,1,14.0,8,1,17.8,8,1,10.8,8,1,245,8,1,52,8,1,149.6,8,2,,0,1
1997/11,10.6,8,1,14.6,8,1,6.4,8,1,156.5,0,8,1,20.0,0,8,1,90.9,0,8,2,0,1,8,1,10.9,8,1,14.0,8,1,8.2,8,1,104,8,1,15,8,1,93.4,8,2,,0,1
1997/12,5.2,8,1,8.5,8,1,2.2,8,1,185.5,0,8,1,34.0,0,8,1,63.5,0,8,2,8,0,8,1,5.5,8,1,8.3,8,1,3.3,8,1,157,8,1,29,8,1,46.6,8,2,,0,1
1998/1,0.7,8,1,3.3,8,1,-1.5,8,1,204.0,0,8,1,38.0,0,8,1,15.8,0,8,2,46,0,8,1,0.5,8,1,2.4,8,1,-1.2,8,1,160,8,1,28,8,1,14.1,8,2,,0,1
1998/2,2.6,8,1,5.9,8,1,-0.5,8,1,46.0,0,8,1,10.5,0,8,1,91.1,0,8,2,22,0,8,1,2.8,8,1,5.6,8,1,0.5,8,1,36,8,1,11,8,1,100.8,8,2,,0,1
1998/3,5.8,8,1,9.4,8,1,2.4,8,1,84.5,0,8,1,21.0,0,8,1,140.8,0,8,2,2,0,8,1,5.5,8,1,8.9,8,1,2.6,8,1,66,8,1,16,8,1,160.2,8,2,,0,1
1998/4,12.2,8,1,16.6,8,1,8.3,8,1,88.5,0,8,1,20.5,0,8,1,145.0,0,8,2,2,0,8,1,11.2,8,1,14.8,8,1,8.3,8,1,111,8,1,27,8,1,157.5,8,2,,0,1
1998/5,17.0,8,1,21.7,8,1,12.3,8,1,276.0,0,8,1,77.5,0,8,1,196.7,0,5,2,0,1,8,1,15.3,8,1,19.4,8,1,11.5,8,1,56,5,1,35,5,1,192.6,8,2,,0,1
1998/6,19.0,8,1,22.5,8,1,16.3,8,1,183.5,0,8,1,52.0,0,8,1,109.9,0,8,2,0,1,8,1,17.7,8,1,20.6,8,1,15.3,8,1,150,8,1,53,8,1,117.7,8,2,,0,1
1998/7,24.0,8,1,28.2,8,1,20.6,8,1,213.5,0,8,1,87.0,0,8,1,195.7,0,5,2,0,1,8,1,22.6,8,1,25.9,8,1,20.0,8,1,33,8,1,11,8,1,180.4,8,2,,0,1
1998/8,24.0,8,1,27.5,8,1,21.0,8,1,340.0,0,8,1,43.0,0,8,1,117.9,0,8,2,0,1,8,1,23.2,8,1,26.1,8,1,20.7,8,1,412,8,1,122,8,1,124.1,5,2,,0,1
1998/9,22.7,8,1,26.7,8,1,19.4,8,1,146.0,0,8,1,39.0,0,8,1,145.3,0,8,2,0,1,8,1,22.0,8,1,25.1,8,1,19.5,8,1,226,8,1,68,8,1,154.8,8,2,,0,1
1998/10,16.9,8,1,20.9,8,1,13.0,8,1,222.5,0,8,1,52.5,0,8,1,126.2,0,8,2,0,1,8,1,16.8,8,1,20.1,8,1,14.1,8,1,204,8,1,58,8,1,149.0,8,2,,0,1
1998/11,8.7,8,1,12.8,8,1,4.5,8,1,325.5,0,8,1,57.5,0,8,1,74.7,0,8,2,39,0,8,1,9.1,8,1,12.1,8,1,6.1,8,1,266,8,1,43,8,1,67.6,8,2,,0,1
1998/12,5.3,8,1,8.4,8,1,2.1,8,1,181.5,0,8,1,31.5,0,8,1,37.6,0,8,2,4,0,8,1,5.2,8,1,7.8,8,1,3.1,8,1,98,8,1,17,8,1,47.7,8,2,,0,1
1999/1,1.8,8,1,4.5,8,1,-0.8,8,1,149.5,0,8,1,18.5,0,8,1,28.7,0,8,2,21,0,8,1,1.8,8,1,4.0,8,1,-0.4,8,1,92,8,1,16,8,1,44.6,8,2,,0,1
1999/2,1.6,8,1,4.9,8,1,-1.8,8,1,121.0,0,8,1,18.0,0,8,1,34.9,0,8,2,45,0,8,1,1.7,8,1,4.6,8,1,-0.9,8,1,70,8,1,13,8,1,52.7,8,2,,0,1
1999/3,5.0,8,1,9.1,8,1,1.1,8,1,125.0,0,8,1,33.5,0,8,1,104.6,0,8,2,8,0,8,1,4.7,8,1,7.9,8,1,1.6,8,1,105,8,1,39,8,1,129.6,8,2,,0,1
1999/4,10.9,8,1,15.3,8,1,6.5,8,1,90.0,0,8,1,36.0,0,8,1,152.8,0,8,2,0,1,8,1,10.0,8,1,13.9,8,1,6.7,8,1,71,8,1,30,8,1,165.0,8,2,,0,1
1999/5,15.4,8,1,20.0,8,1,10.6,8,1,89.5,0,8,1,22.0,0,8,1,243.2,0,8,2,0,1,8,1,14.0,8,1,17.9,8,1,10.8,8,1,94,8,1,30,8,1,239.0,8,2,,0,1
1999/6,20.0,8,1,24.1,8,1,16.3,8,1,135.5,0,8,1,27.5,0,8,1,185.7,0,8,2,0,1,8,1,18.5,8,1,22.3,8,1,15.2,8,1,83,8,1,22,8,1,184.9,8,2,,0,1
1999/7,24.5,8,1,28.6,8,1,20.9,8,1,173.0,0,8,1,58.5,0,8,1,173.5,0,8,2,0,1,8,1,23.1,8,1,27.0,5,1,20.2,5,1,84,8,1,22,8,1,175.2,8,2,,0,1
1999/8,27.4,8,1,32.1,8,1,23.6,8,1,337.5,0,8,1,86.5,0,8,1,221.0,0,8,2,0,1,8,1,26.3,8,1,30.2,8,1,23.3,8,1,93,8,1,29,8,1,237.9,8,2,,0,1
1999/9,22.5,8,1,26.7,8,1,18.8,8,1,261.0,0,8,1,81.0,0,8,1,139.0,0,8,2,0,1,8,1,22.0,8,1,25.1,8,1,19.3,8,1,231,8,1,66,8,1,143.3,8,2,,0,1
1999/10,15.5,8,1,20.0,8,1,11.4,8,1,288.5,0,8,1,64.0,0,8,1,135.8,0,8,2,0,1,8,1,15.5,8,1,18.9,8,1,12.8,8,1,200,8,1,48,8,1,135.8,8,2,,0,1
1999/11,9.9,8,1,14.4,8,1,6.0,8,1,215.0,0,8,1,20.0,0,8,1,87.1,0,8,2,0,1,8,1,10.5,8,1,13.6,8,1,7.9,8,1,209,8,1,38,8,1,81.9,8,2,,0,1
1999/12,4.5,8,1,7.6,8,1,1.8,8,1,160.5,0,8,1,16.5,0,8,1,35.3,0,8,2,16,0,8,1,4.9,8,1,7.2,8,1,2.9,8,1,176,8,1,25,8,1,38.9,8,2,,0,1
2000/1,3.3,8,1,6.0,8,1,0.7,8,1,224.0,0,8,1,26.5,0,8,1,35.7,0,8,2,22,0,8,1,3.4,8,1,5.8,8,1,1.2,8,1,164,8,1,27,8,1,38.3,8,2,,0,1
2000/2,1.7,8,1,4.2,8,1,-1.0,8,1,153.0,0,8,1,15.5,0,8,1,37.1,0,8,2,24,0,8,1,1.5,8,1,4.1,8,1,-0.2,8,1,83,8,1,14,8,1,47.3,8,2,,0,1
2000/3,4.2,8,1,7.7,8,1,0.7,8,1,119.0,0,8,1,26.5,0,8,1,87.1,0,8,2,24,0,8,1,4.2,8,1,7.2,8,1,1.5,8,1,104,8,1,20,8,1,109.8,8,2,,0,1
2000/4,9.7,8,1,13.7,8,1,5.7,8,1,135.0,0,8,1,23.5,0,8,1,151.3,0,8,2,0,1,8,1,9.0,8,1,12.5,8,1,6.0,8,1,69,8,1,12,8,1,176.7,8,2,,0,1
2000/5,16.2,8,1,20.8,8,1,12.5,8,1,99.0,0,8,1,19.0,0,8,1,174.0,0,8,2,0,1,8,1,14.5,8,1,18.6,8,1,11.7,8,1,54,8,1,12,8,1,167.2,8,2,,0,1
2000/6,19.9,8,1,23.8,8,1,16.5,8,1,76.5,0,8,1,26.0,0,8,1,151.5,0,8,2,0,1,8,1,18.3,8,1,22.2,8,1,15.2,8,1,75,8,1,27,8,1,127.9,8,2,,0,1
2000/7,24.7,8,1,28.5,8,1,21.5,8,1,107.5,0,8,1,47.5,0,8,1,163.5,0,8,2,0,1,8,1,23.2,8,1,26.7,8,1,20.8,8,1,99,8,1,42,8,1,147.1,8,2,,0,1
2000/8,26.9,8,1,31.7,8,1,22.7,8,1,89.0,0,8,1,38.0,0,8,1,300.6,0,8,2,0,1,8,1,25.9,8,1,30.1,8,1,22.4,8,1,4,8,1,3,8,1,290.2,8,2,,0,1
2000/9,22.4,8,1,26.5,8,1,18.7,8,1,228.0,0,8,1,52.5,0,8,1,142.1,0,8,2,0,1,8,1,21.9,8,1,25.3,5,1,19.2,5,1,212,8,1,69,8,1,157.7,8,2,,0,1
2000/10,15.2,8,1,19.5,8,1,11.0,8,1,97.5,0,8,1,22.0,0,8,1,151.4,0,8,2,0,1,8,1,15.0,8,1,18.7,8,1,12.2,8,1,104,8,1,17,8,1,150.9,8,2,,0,1
2000/11,9.1,8,1,13.4,8,1,5.1,8,1,146.0,0,8,1,30.5,0,8,1,78.6,0,8,2,0,0,8,1,9.3,8,1,12.7,8,1,6.5,8,1,142,8,1,30,8,1,76.8,8,2,,0,1
2000/12,3.8,8,1,7.4,8,1,0.6,8,1,200.0,0,8,1,26.0,0,8,1,45.9,0,8,2,13,0,5,1,4.2,8,1,7.0,8,1,1.6,8,1,80,8,1,13,8,1,37.1,8,2,,0,1
2001/1,0.3,8,1,2.6,8,1,-1.9,8,1,171.0,0,8,1,28.0,0,8,1,30.9,0,8,2,37,0,5,1,0.3,8,1,2.3,8,1,-1.3,8,1,16,4,1,8,4,1,21.1,8,2,,0,1
2001/2,0.9,8,1,3.5,8,1,-1.9,8,1,98.0,0,8,1,14.0,0,8,1,41.2,0,8,2,30,0,8,1,0.6,8,1,2.9,8,1,-1.7,8,1,87,8,1,26,8,1,38.1,8,2,,0,1
2001/3,4.4,8,1,8.6,8,1,0.4,8,1,114.0,0,8,1,11.5,0,8,1,112.4,0,8,2,12,0,8,1,4.4,8,1,7.7,8,1,1.5,8,1,89,8,1,16,8,1,141.7,8,2,,0,1
2001/4,11.2,8,1,16.6,8,1,5.9,8,1,52.5,0,8,1,22.5,0,8,1,244.1,0,8,2,0,1,8,1,10.3,8,1,14.5,8,1,6.9,8,1,36,8,1,11,8,1,253.0,8,2,,0,1
2001/5,16.6,8,1,21.2,8,1,12.4,8,1,82.0,0,8,1,23.5,0,8,1,174.4,0,8,2,0,1,8,1,14.9,8,1,18.9,8,1,11.6,8,1,64,8,1,28,8,1,165.5,8,2,,0,1
2001/6,19.6,8,1,22.8,8,1,16.5,8,1,185.5,0,8,1,50.0,0,8,1,140.5,0,8,2,0,1,8,1,18.0,8,1,21.5,8,1,15.0,8,1,285,8,1,114,8,1,133.8,8,2,,0,1
2001/7,24.7,8,1,28.9,8,1,21.2,8,1,124.5,0,8,1,47.0,0,8,1,179.8,0,8,2,0,1,8,1,22.9,8,1,26.2,8,1,20.3,8,1,141,8,1,51,8,1,163.4,8,2,,0,1
2001/8,24.8,8,1,29.4,8,1,21.2,8,1,166.5,0,8,1,56.5,0,8,1,214.7,0,8,2,0,1,8,1,24.0,8,1,28.0,8,1,20.9,8,1,196,8,1,107,8,1,220.3,8,2,,0,1
2001/9,20.8,8,1,25.2,8,1,16.8,8,1,157.5,0,8,1,33.5,0,8,1,164.5,0,8,2,0,1,8,1,20.3,8,1,24.0,8,1,17.4,8,1,99,8,1,38,8,1,164.0,8,2,,0,1
2001/10,15.7,8,1,19.9,8,1,11.8,8,1,183.0,0,8,1,60.5,0,8,1,133.8,0,8,2,0,1,8,1,15.5,8,1,18.9,8,1,12.9,8,1,125,8,1,37,8,1,145.7,8,2,,0,1
2001/11,9.3,8,1,13.3,8,1,5.1,8,1,211.0,0,8,1,42.5,0,8,1,89.1,0,8,2,0,1,8,1,9.7,8,1,12.8,8,1,7.0,8,1,129,8,1,34,8,1,77.6,8,2,,0,1
2001/12,3.2,8,1,5.6,8,1,0.6,8,1,172.5,0,8,1,17.5,0,8,1,36.5,0,8,2,14,0,8,1,2.8,8,1,4.7,8,1,1.1,8,1,130,8,1,22,8,1,24.1,8,2,,0,1
2002/1,2.8,8,1,5.6,8,1,0.2,8,1,273.5,0,8,1,48.0,0,8,1,43.8,0,8,2,12,0,8,1,2.6,8,1,5.0,8,1,0.7,8,1,179,8,1,22,8,1,47.4,8,2,,0,1
2002/2,3.2,8,1,6.7,8,1,0.0,8,1,100.5,0,8,1,11.5,0,8,1,84.1,0,8,2,17,0,8,1,3.4,8,1,6.5,8,1,1.0,8,1,67,8,1,15,8,1,87.4,8,2,,0,1
2002/3,6.7,8,1,10.7,8,1,2.7,8,1,183.5,0,8,1,27.5,0,8,1,101.1,0,8,2,1,0,8,1,6.3,8,1,9.7,8,1,2.9,8,1,115,8,1,28,8,1,106.5,8,2,,0,1
2002/4,12.4,8,1,17.4,8,1,7.8,8,1,91.5,0,8,1,36.5,0,8,1,206.3,0,8,2,0,1,8,1,11.4,8,1,15.6,8,1,7.8,8,1,91,8,1,36,8,1,208.7,8,2,,0,1
2002/5,15.0,8,1,18.9,8,1,11.3,8,1,161.0,0,8,1,43.0,0,8,1,178.8,0,8,2,0,1,8,1,13.7,8,1,18.2,8,1,10.1,8,1,98,8,1,22,8,1,182.1,8,2,,0,1
2002/6,19.5,8,1,24.0,8,1,15.5,8,1,115.5,0,8,1,25.5,0,8,1,223.1,0,8,2,0,1,8,1,18.1,8,1,22.5,8,1,14.2,8,1,113,8,1,52,8,1,211.4,8,2,,0,1
2002/7,24.4,8,1,28.4,8,1,21.3,8,1,283.5,0,8,1,58.5,0,8,1,144.7,0,8,2,0,1,8,1,22.7,8,1,25.7,8,1,20.3,8,1,318,8,1,73,8,1,127.7,8,2,,0,1
2002/8,25.3,8,1,29.1,8,1,22.1,8,1,286.0,0,8,1,102.0,0,8,1,154.1,0,8,2,0,1,8,1,23.7,8,1,26.7,8,1,21.3,8,1,203,8,1,42,8,1,150.1,8,2,,0,1
2002/9,21.1,8,1,25.8,8,1,17.1,8,1,100.5,0,8,1,30.0,0,8,1,163.5,0,8,2,0,1,8,1,20.1,8,1,24.0,8,1,16.8,8,1,60,8,1,18,8,1,181.4,8,2,,0,1
2002/10,15.7,8,1,19.8,8,1,12.0,8,1,199.5,0,8,1,29.5,0,8,1,135.1,0,8,2,0,1,8,1,15.0,8,1,18.4,8,1,12.4,8,1,196,8,1,54,8,1,133.4,8,2,,0,1
2002/11,6.5,8,1,9.8,8,1,3.1,8,1,383.0,0,8,1,46.5,0,8,1,42.6,0,8,2,3,0,8,1,7.0,8,1,9.8,8,1,4.3,8,1,194,8,1,22,8,1,40.7,8,2,,0,1
2002/12,3.3,8,1,6.4,8,1,0.3,8,1,75.5,0,8,1,15.0,0,8,1,43.9,0,8,2,17,0,8,1,3.3,8,1,5.8,8,1,1.2,8,1,45,8,1,7,8,1,34.3,8,2,,0,1
2003/1,1.7,8,1,4.1,8,1,-1.1,8,1,210.5,0,8,1,37.0,0,8,1,32.2,0,8,2,21,0,8,1,1.6,8,1,4.2,8,2,-0.6,8,2,109,8,1,16,8,1,23.7,8,2,,0,1
2003/2,2.5,8,1,5.4,8,1,-0.3,8,1,77.0,0,8,1,15.0,0,8,1,70.8,0,8,2,15,0,8,1,2.4,8,1,5.5,8,2,-0.1,8,2,37,8,1,9,8,1,69.1,8,2,,0,1
2003/3,4.6,8,1,8.2,8,1,1.4,8,1,66.5,0,5,1,13.5,0,5,1,127.9,0,8,2,11,0,8,1,4.3,8,1,8.2,8,2,1.3,8,2,97,8,1,33,8,1,141.3,8,2,,0,1
2003/4,10.6,8,1,15.2,8,1,6.5,8,1,149.0,0,8,1,30.0,0,8,1,156.9,0,8,2,0,1,8,1,9.5,8,1,13.4,8,2,6.4,8,2,120,8,1,25,8,1,161.1,8,2,,0,1
2003/5,16.8,8,1,21.9,8,1,12.2,8,1,38.5,0,8,1,27.5,0,8,1,242.4,0,8,2,0,1,8,1,14.6,5,1,19.8,5,2,10.7,5,2,36,8,1,22,8,1,221.1,8,2,,0,1
2003/6,20.3,8,1,24.3,8,1,17.0,8,1,96.5,0,8,1,25.0,0,8,1,153.5,0,8,2,0,1,8,1,18.5,8,1,22.7,8,2,15.6,8,2,62,8,1,16,8,1,135.9,8,2,,0,1
2003/7,20.9,8,1,24.5,8,1,18.0,8,1,352.5,0,8,1,76.0,0,8,1,152.0,0,8,2,0,1,8,1,19.5,8,1,23.3,8,2,16.7,8,2,217,8,1,70,8,1,146.6,8,2,,0,1
2003/8,23.6,8,1,27.4,8,1,20.6,5,1,251.0,0,8,1,43.5,0,8,1,88.6,0,8,2,0,1,8,1,22.2,8,1,25.7,8,2,19.9,8,2,165,8,1,43,8,1,97.5,8,2,,0,1
2003/9,20.9,8,1,24.8,8,1,17.2,8,1,131.5,0,8,1,32.5,0,8,1,124.1,0,8,2,0,1,8,1,19.9,8,1,23.9,8,2,16.8,8,2,109,8,1,39,8,1,150.5,8,2,,0,1
2003/10,14.7,8,1,19.5,8,1,10.3,8,1,243.0,0,8,1,62.5,0,8,1,155.0,0,8,2,0,1,8,1,14.3,8,1,18.8,8,2,11.1,8,2,161,8,1,48,8,1,162.6,8,2,,0,1
2003/11,10.7,8,1,14.9,8,1,6.5,8,1,113.0,0,8,1,21.0,0,8,1,97.0,0,8,2,0,1,8,1,11.0,8,1,14.1,8,2,7.9,8,2,116,8,1,20,8,1,85.7,8,2,,0,1
2003/12,6.3,8,1,9.1,8,1,3.5,8,1,282.5,0,8,1,51.5,0,8,1,29.8,0,8,2,4,0,8,1,6.0,8,1,8.5,8,2,3.5,8,2,153,8,1,20,8,1,30.5,8,2,,0,1
2004/1,2.1,8,1,4.7,5,1,-0.5,8,1,200.5,0,5,1,28.0,0,5,1,53.4,0,5,2,14,0,8,1,2.0,8,1,4.9,8,2,0.0,8,2,104,8,1,23,8,1,49.1,8,2,,0,1
2004/2,3.4,8,1,7.0,8,1,0.2,8,1,107.5,0,8,1,16.0,0,8,1,56.2,0,8,2,26,0,8,1,3.3,8,1,6.8,8,2,0.6,8,2,72,8,1,15,8,1,62.1,8,2,,0,1
2004/3,5.3,8,1,10.0,8,1,1.3,8,1,97.0,0,8,1,28.5,0,8,1,133.3,0,8,2,15,0,8,1,5.0,5,1,9.3,5,2,1.9,5,2,55,5,1,17,5,1,149.9,5,2,,0,1
2004/4,10.2,8,1,15.2,8,1,5.3,8,1,127.0,0,8,1,30.5,0,8,1,177.8,0,8,2,0,1,8,1,9.4,8,1,13.6,8,2,5.6,8,2,117,8,1,34,8,1,183.6,8,2,,0,1
2004/5,16.6,8,1,21.3,8,1,12.3,8,1,281.5,0,8,1,80.0,0,8,1,141.4,0,5,2,0,1,8,1,14.7,5,1,18.8,5,2,11.3,5,2,171,5,1,25,5,1,128.7,5,2,,0,1
2004/6,20.2,8,1,24.2,8,1,16.3,8,1,169.0,0,8,1,35.5,0,8,1,171.6,0,5,2,0,1,8,1,18.5,8,1,22.7,8,2,15.3,8,2,132,8,1,56,8,1,141.4,8,2,,0,1
2004/7,24.7,8,1,28.7,8,1,21.4,8,1,330.0,0,8,1,122.5,0,8,1,182.8,0,8,2,0,1,8,1,23.1,8,1,27.0,8,2,20.4,8,2,162,8,1,71,8,1,146.1,8,2,,0,1
2004/8,24.9,8,1,29.4,8,1,20.8,8,1,229.0,0,8,1,65.0,0,8,1,232.7,0,8,2,0,1,8,1,23.9,8,1,28.3,8,2,20.7,8,2,209,8,1,43,8,1,191.0,8,2,,0,1
2004/9,22.2,8,1,26.7,8,1,18.6,8,1,177.0,0,8,1,33.0,0,8,1,135.7,0,8,2,0,1,8,1,21.4,8,1,25.2,8,2,18.4,8,2,171,8,1,69,8,1,123.9,8,2,,0,1
2004/10,15.2,8,1,19.3,8,1,11.6,8,1,159.0,0,8,1,26.0,0,8,1,111.0,0,8,2,0,1,8,1,15.4,8,1,18.8,8,2,12.7,8,2,114,8,1,22,8,1,104.1,8,2,,0,1
2004/11,12.2,8,1,16.0,8,1,8.7,8,1,158.5,0,8,1,33.5,0,8,1,91.0,0,8,2,0,1,8,1,12.3,8,1,15.7,8,2,9.6,8,2,66,8,1,22,8,1,75.0,8,2,,0,1
2004/12,5.7,8,1,8.8,8,1,2.9,8,1,181.0,0,8,1,34.0,0,8,1,62.8,0,8,2,13,0,8,1,5.8,8,1,8.6,8,2,3.3,8,2,135,8,1,35,8,1,48.9,8,2,,0,1
2005/1,2.1,8,1,4.9,8,1,-0.9,8,1,242.5,0,8,1,41.0,0,8,1,37.4,0,8,2,23,0,8,1,2.2,8,1,5.1,8,2,-0.2,8,2,127,8,1,17,8,1,31.2,8,2,,0,1
2005/2,0.8,8,1,3.1,8,1,-1.5,8,1,126.0,0,8,1,11.0,0,8,1,23.3,0,8,2,17,0,8,1,0.7,8,1,3.4,8,2,-1.3,8,2,82,8,1,10,8,1,27.5,8,2,,0,1
2005/3,4.3,8,1,7.6,8,1,0.9,8,1,103.5,0,8,1,11.0,0,8,1,90.3,0,5,2,12,0,8,1,4.0,8,1,7.6,8,2,1.1,8,2,93,8,1,22,8,1,83.1,8,2,,0,1
2005/4,10.3,8,1,14.7,8,1,5.6,8,1,68.5,0,8,1,17.0,0,8,1,178.7,0,5,2,0,1,8,1,9.5,8,1,13.5,8,2,6.1,8,2,45,8,1,10,8,1,160.9,8,2,,0,1
2005/5,14.1,8,1,18.8,8,1,10.1,8,1,103.0,0,8,1,18.0,0,8,1,195.3,0,8,2,0,1,8,1,12.9,8,1,17.8,8,2,9.5,8,2,77,8,1,17,8,1,164.1,8,2,,0,1
2005/6,21.6,8,1,25.4,8,1,18.2,8,1,116.0,0,8,1,68.5,0,8,1,195.0,0,8,2,0,1,8,1,19.7,8,1,24.4,8,2,16.5,8,2,109,8,1,88,8,1,141.1,8,2,,0,1
2005/7,23.0,8,1,26.4,8,1,20.0,8,1,264.0,0,8,1,53.5,0,8,1,120.1,0,8,2,0,1,8,1,21.7,8,1,25.2,8,2,19.0,8,2,129,8,1,50,8,1,93.1,8,2,,0,1
2005/8,26.1,8,1,30.5,8,1,22.6,8,1,395.0,0,8,1,111.0,0,8,1,203.0,0,8,2,0,1,8,1,25.2,8,1,29.3,8,2,22.3,8,2,437,8,1,159,8,1,183.5,8,2,,0,1
2005/9,22.0,8,1,26.0,8,1,18.2,8,1,113.0,0,8,1,34.0,0,8,1,158.0,0,8,2,0,1,8,1,21.2,8,1,24.8,8,2,18.6,8,2,134,8,1,45,8,1,140.7,8,2,,0,1
2005/10,16.2,8,1,20.6,8,1,12.0,8,1,243.0,0,8,1,45.0,0,8,1,154.4,0,8,2,0,1,8,1,15.9,8,1,19.6,8,2,12.8,8,2,186,8,1,52,8,1,140.1,8,2,,0,1
2005/11,9.6,8,1,13.2,8,1,6.4,8,1,213.0,0,8,1,23.5,0,8,1,84.7,0,8,2,0,1,8,1,9.6,8,1,12.7,8,2,6.9,8,2,126,8,1,27,8,1,66.0,8,2,,0,1
2005/12,1.9,8,1,4.5,8,1,-0.5,8,1,256.0,0,8,1,37.5,0,8,1,35.3,0,8,2,39,0,8,1,2.1,5,1,4.5,5,2,0.0,5,2,142,5,1,23,5,1,26.6,5,3,,0,1
2006/1,0.5,8,1,2.9,8,1,-2.3,8,1,102.5,0,5,1,9.5,0,5,1,26.5,0,8,2,43,0,8,1,0.8,8,1,3.2,8,2,-1.2,8,2,38,8,1,7,8,1,31.6,8,3,,0,1
2006/2,2.1,8,1,5.5,8,1,-1.1,8,1,117.5,0,8,1,21.5,0,8,1,55.0,0,8,2,39,0,8,1,2.2,8,1,4.9,8,2,-0.2,8,2,92,8,1,15,8,1,48.2,8,3,,0,1
2006/3,4.8,8,1,8.6,8,1,1.1,8,1,124.0,0,8,1,17.0,0,8,1,116.0,0,8,2,7,0,8,1,4.4,8,1,7.8,8,2,1.4,8,2,81,8,1,20,8,1,126.6,8,3,,0,1
2006/4,9.0,8,1,13.2,8,1,4.8,8,1,119.5,0,8,1,23.0,0,8,1,121.5,0,8,2,0,1,8,1,8.1,8,1,11.7,8,2,5.2,8,2,84,8,1,21,8,1,120.1,4,3,,0,1
2006/5,15.6,8,1,19.9,8,1,11.6,8,1,96.0,0,8,1,22.5,0,8,1,158.4,0,5,2,0,1,8,1,14.0,8,1,18.0,8,2,10.8,8,2,118,8,1,45,8,1,122.0,4,3,,0,1
2006/6,20.1,8,1,24.1,8,1,16.8,8,1,64.0,0,8,1,19.0,0,8,1,175.4,0,8,2,0,1,8,1,18.1,8,1,22.0,8,2,15.4,8,2,70,8,1,15,8,1,117.2,4,3,,0,1
2006/7,22.2,8,1,25.3,8,1,19.8,8,1,337.0,0,8,1,109.0,0,8,1,72.4,0,8,2,0,1,8,1,21.0,8,1,23.7,8,2,19.2,8,2,215,8,1,70,8,1,55.5,4,3,,0,1
2006/8,26.6,8,1,31.1,8,1,22.8,8,1,128.0,0,8,1,57.5,0,8,1,250.8,0,8,2,0,1,8,1,25.5,8,1,29.6,8,2,22.7,8,2,87,8,1,68,8,1,229.8,4,3,,0,1
2006/9,20.8,8,1,25.2,8,1,16.8,8,1,69.5,0,8,1,20.5,0,8,1,175.3,0,8,2,0,1,8,1,20.6,8,1,24.1,8,2,17.8,8,2,93,8,1,30,8,1,188.9,8,3,,0,1
2006/10,15.3,8,1,19.8,8,1,11.0,8,1,165.5,0,8,1,36.0,0,8,1,139.8,0,8,2,0,1,8,1,15.6,8,1,18.8,8,2,12.8,8,2,134,8,1,36,8,1,140.9,8,3,,0,1
2006/11,10.1,8,1,14.1,8,1,6.5,8,1,289.0,0,8,1,51.5,0,8,1,92.0,0,8,2,0,1,8,1,10.4,8,1,13.6,5,2,7.8,5,2,189,8,1,35,8,1,70.8,8,3,,0,1
2006/12,5.1,8,1,8.1,8,1,2.2,8,1,302.0,0,8,1,52.0,0,8,1,28.1,0,8,2,1,0,8,1,5.6,8,1,7.9,8,2,3.4,8,2,183,8,1,46,8,1,29.5,8,3,,0,1
2007/1,4.0,8,1,6.8,8,1,1.2,8,1,147.0,0,8,1,39.5,0,8,1,66.9,0,8,2,3,0,8,1,4.3,8,1,6.7,8,2,2.4,8,2,86,8,1,16,8,1,59.3,8,3,,0,1
2007/2,3.8,8,1,7.6,8,1,0.3,8,1,96.0,0,8,1,21.5,0,8,1,94.3,0,8,2,3,0,8,1,4.1,8,1,7.3,8,2,1.5,8,2,42,8,1,15,8,1,89.1,8,3,,0,1
2007/3,4.7,8,1,8.1,8,1,1.3,8,1,150.5,0,8,1,16.5,0,8,1,74.1,0,8,2,13,0,8,1,4.6,8,1,8.2,8,2,2.0,8,2,85,8,1,12,8,1,100.4,8,3,,0,1
2007/4,9.5,8,1,13.6,8,1,5.3,8,1,95.0,0,8,1,49.0,0,8,1,160.4,0,8,2,0,1,8,1,9.1,8,1,12.8,8,2,6.2,8,2,66,8,1,30,8,1,191.1,8,3,,0,1
2007/5,15.5,8,1,19.8,8,1,11.8,8,1,117.0,0,8,1,39.0,0,8,1,160.6,0,8,2,0,1,8,1,13.9,8,1,17.4,8,2,11.0,8,2,55,8,1,10,8,1,169.8,8,3,,0,1
2007/6,21.0,8,1,25.3,8,1,17.1,8,1,139.0,0,8,1,41.0,0,8,1,235.3,0,8,2,0,1,8,1,19.6,8,1,23.9,8,2,16.4,8,2,105,8,1,30,8,1,250.1,8,3,,0,1
2007/7,22.3,8,1,25.8,8,1,19.1,8,1,132.0,0,8,1,42.0,0,8,1,148.6,0,8,2,0,1,8,1,21.4,8,1,25.3,8,2,18.6,8,2,81,8,1,39,8,1,180.3,8,3,,0,1
2007/8,25.9,8,1,30.1,8,1,22.0,8,1,239.5,0,8,1,110.5,0,8,1,178.0,0,8,2,0,1,8,1,24.5,8,1,28.5,8,2,21.6,8,2,210,8,1,94,8,1,182.6,8,3,,0,1
2007/9,23.2,8,1,27.6,8,1,19.6,8,1,141.5,0,8,1,48.0,0,8,1,163.2,0,8,2,0,1,8,1,22.3,8,1,25.9,8,2,19.4,8,2,140,8,1,63,8,1,164.0,8,3,,0,1
2007/10,15.7,8,1,20.3,8,1,11.3,8,1,131.0,0,8,1,39.5,0,8,1,161.8,0,8,2,0,1,8,1,15.5,8,1,19.2,8,2,12.5,8,2,143,8,1,48,8,1,149.2,8,3,,0,1
2007/11,9.2,8,1,13.2,8,1,5.3,8,1,189.5,0,8,1,22.5,0,8,1,91.7,0,8,2,1,0,8,1,9.4,8,1,12.7,8,2,6.8,8,2,158,8,1,55,8,1,58.8,8,3,,0,1
2007/12,5.2,8,1,8.2,8,1,2.3,8,1,196.0,0,8,1,24.5,0,8,1,44.7,0,8,2,6,0,8,1,5.3,8,1,7.5,8,2,3.4,8,2,145,8,1,16,8,1,28.8,8,3,,0,1
2008/1,1.6,8,1,3.9,8,1,-0.7,8,1,131.5,0,8,1,16.5,0,8,1,24.8,0,8,2,32,0,8,1,1.7,5,1,3.9,5,2,-0.2,5,2,13,5,1,5,5,1,27.8,5,3,,0,1
2008/2,1.1,8,1,3.8,8,1,-1.5,8,1,135.5,0,8,1,21.5,0,8,1,36.5,0,5,2,22,0,8,1,1.5,8,1,4.3,8,2,-0.9,8,2,22,8,1,11,8,1,48.8,8,3,,0,1
2008/3,6.3,8,1,10.5,8,1,2.5,8,1,66.0,0,8,1,11.5,0,8,1,132.7,0,8,2,3,0,8,1,6.4,8,1,10.0,8,2,3.7,8,2,37.0,8,1,8.0,8,1,136.7,8,3,,0,1
2008/4,11.5,8,1,16.2,8,1,6.6,8,1,42.5,0,8,1,12.0,0,8,1,179.8,0,8,2,0,1,8,1,10.8,8,1,15.1,8,2,7.4,8,2,53.5,8,1,18.5,8,1,208.1,8,3,,0,1
2008/5,15.8,8,1,20.5,8,1,11.7,8,1,63.0,0,8,1,23.5,0,8,1,211.6,0,8,2,0,1,8,1,14.2,8,1,18.3,8,2,10.8,8,2,56.0,8,1,25.5,8,1,213.8,8,3,,0,1
2008/6,19.9,8,1,24.3,8,1,16.2,8,1,27.0,0,8,1,10.0,0,8,1,203.8,0,8,2,0,1,8,1,18.2,8,1,22.7,8,2,14.9,8,2,28.5,8,1,11.0,8,1,210.6,8,3,,0,1
2008/7,24.2,8,1,27.8,8,1,21.0,8,1,187.0,0,8,1,37.0,0,8,1,122.1,0,8,2,0,1,8,1,22.6,8,1,26.4,5,2,20.1,5,2,152.5,8,1,26.0,8,1,131.4,8,3,,0,1
2008/8,24.4,8,1,28.7,8,1,20.9,8,1,282.0,0,8,1,71.5,0,8,1,180.2,0,5,2,0,1,8,1,23.4,8,1,27.2,8,2,20.6,8,2,336.0,8,1,114.5,8,1,183.3,8,3,,0,1
2008/9,21.7,8,1,26.3,8,1,17.4,8,1,77.0,0,8,1,30.5,0,8,1,201.9,0,8,2,0,1,8,1,20.8,8,1,24.9,8,2,17.7,8,2,61.0,8,1,24.0,8,1,197.6,8,3,,0,1
2008/10,16.1,8,1,20.5,8,1,12.0,8,1,174.0,0,8,1,36.5,0,8,1,140.5,0,8,2,0,1,8,1,16.0,5,1,19.6,5,3,13.3,5,3,112.0,5,1,30.5,5,1,123.6,5,3,,0,1
2008/11,9.1,8,1,13.4,8,1,5.4,8,1,266.5,0,8,1,47.5,0,8,1,100.6,0,8,2,2,0,8,1,9.7,8,1,13.0,8,3,7.0,8,3,145.0,8,1,35.0,8,1,78.2,8,3,,0,1
2008/12,5.2,8,1,9.1,8,1,2.1,8,1,172.5,0,8,1,40.0,0,8,1,64.5,0,8,2,6,0,8,1,6.2,8,1,9.3,8,3,3.3,8,3,119.0,8,1,14.5,8,1,45.4,8,3,,0,1
2009/1,2.7,8,1,5.4,8,1,-0.1,8,1,246.0,0,8,1,34.0,0,8,1,65.1,0,8,2,34,0,8,1,3.2,8,1,6.0,8,3,0.8,8,3,153.5,8,1,38.5,8,1,53.1,8,3,,0,1
2009/2,2.7,8,1,6.1,8,1,-0.3,8,1,155.5,0,8,1,26.5,0,8,1,58.2,0,8,2,29,0,8,1,3.0,8,1,6.4,8,3,0.0,8,3,98.0,8,1,20.5,8,1,59.1,8,3,,0,1
2009/3,4.9,8,1,9.0,8,1,1.2,8,1,130.5,0,8,1,26.0,0,8,1,109.8,0,8,2,5,0,8,1,4.6,8,1,8.5,8,3,1.6,8,3,88.5,8,1,23.5,8,1,126.4,8,3,,0,1
2009/4,10.2,8,1,14.7,8,1,5.9,8,1,96.5,0,8,1,33.5,0,8,1,177.0,0,8,2,0,1,8,1,9.6,8,1,13.7,5,3,6.3,5,3,86.5,8,1,35.0,8,1,184.9,5,3,,0,1
2009/5,16.4,8,1,20.8,8,1,12.4,8,1,49.0,0,8,1,17.5,0,8,1,188.1,0,8,2,0,1,8,1,14.6,8,1,18.8,8,3,11.5,8,3,56.5,8,1,21.0,8,1,191.1,8,3,,0,1
2009/6,20.4,8,1,25.1,8,1,16.4,8,1,75.5,0,8,1,32.5,0,8,1,184.1,0,8,2,0,1,8,1,18.4,8,1,23.0,8,3,15.1,8,3,70.0,8,1,36.0,8,1,186.3,8,3,,0,1
2009/7,23.1,8,1,26.9,8,1,20.4,8,1,267.5,0,8,1,51.5,0,8,1,119.9,0,8,2,0,1,8,1,21.3,8,1,24.4,8,3,19.1,8,3,266.5,8,1,48.5,8,1,106.0,8,3,,0,1
2009/8,24.1,8,1,28.0,8,1,20.9,8,1,141.0,0,8,1,37.5,0,8,1,161.3,0,8,2,0,1,8,1,22.7,8,1,26.7,8,3,20.2,8,3,132.5,8,1,63.0,8,1,172.4,8,3,,0,1
2009/9,20.2,5,1,24.4,5,1,16.2,8,1,91.5,0,8,1,15.5,0,8,1,159.1,0,5,2,0,1,8,1,19.5,8,1,23.6,8,3,16.6,8,3,53.5,8,1,14.5,8,1,175.8,8,3,,0,1
2009/10,15.3,8,1,20.0,8,1,11.1,8,1,176.5,0,8,1,31.0,0,8,1,164.3,0,8,2,0,1,8,1,15.4,8,1,19.0,8,3,12.4,8,3,176.5,8,1,57.5,8,1,134.9,5,3,,0,1
2009/11,10.4,8,1,14.3,8,1,6.7,8,1,211.0,0,8,1,25.5,0,8,1,99.0,0,8,2,0,1,8,1,10.3,8,1,13.4,8,3,7.7,8,3,155.0,8,1,17.5,8,1,61.9,8,3,,0,1
2009/12,4.7,8,1,7.6,8,1,1.6,8,1,195.0,0,8,1,20.0,0,8,1,39.1,0,8,2,26,0,8,1,4.9,8,1,7.4,8,3,2.6,8,3,136.0,8,1,28.0,8,1,29.1,8,3,,0,1
2010/1,2.5,8,1,5.3,8,1,-0.2,8,1,228.5,0,8,1,27.5,0,8,1,27.5,0,8,2,6,0,8,1,2.5,8,1,5.2,8,3,0.1,8,3,168.0,8,1,28.0,8,1,27.6,8,3,,0,1
2010/2,1.9,8,1,5.0,8,1,-1.3,8,1,79.0,0,8,1,23.5,0,8,1,74.5,0,8,2,8,0,8,1,1.9,8,1,4.9,8,3,-0.7,8,3,61.5,8,1,18.0,8,1,68.7,5,3,,0,1
2010/3,4.1,8,1,7.9,8,1,0.7,8,1,146.0,0,8,1,22.0,0,8,1,78.7,0,8,2,15,0,8,1,3.9,8,1,8.0,8,3,1.0,8,3,138.0,8,1,22.5,8,1,92.4,8,3,,0,1
2010/4,8.6,8,1,12.8,8,1,4.6,8,1,116.0,0,8,1,31.5,0,8,1,125.6,0,8,2,3,0,8,1,7.9,8,1,11.7,8,3,4.8,8,3,97.5,8,1,27.5,8,1,135.3,8,3,,0,1
2010/5,14.7,8,1,18.6,8,1,10.9,8,1,126.0,0,8,1,30.0,0,8,1,166.8,0,8,2,0,1,8,1,12.9,8,1,16.7,8,3,10.2,8,3,123.0,8,1,38.0,8,1,168.8,8,3,,0,1
2010/6,20.8,8,1,24.5,8,1,17.4,8,1,94.0,0,8,1,37.0,0,8,1,179.4,0,8,2,0,1,8,1,19.3,8,1,23.5,8,3,16.4,8,3,90.5,8,1,42.0,8,1,177.6,8,3,,0,1
2010/7,25.5,8,1,29.4,8,1,22.5,8,1,128.5,0,8,1,52.5,0,8,1,168.3,0,8,2,0,1,8,1,24.0,8,1,27.7,8,3,21.7,8,3,156.0,8,1,47.5,8,1,161.7,8,3,,0,1
2010/8,27.9,8,1,31.8,8,1,24.5,8,1,53.5,0,8,1,21.0,0,8,1,239.5,0,8,2,0,1,8,1,26.4,8,1,30.3,8,3,23.8,8,3,72.5,8,1,34.0,8,1,227.5,8,3,,0,1
2010/9,22.2,8,1,26.1,8,1,18.8,8,1,360.0,0,8,1,74.5,0,8,1,100.4,0,4,2,0,1,8,1,21.7,8,1,25.0,8,3,19.4,8,3,284.0,8,1,78.0,8,1,149.0,8,3,,0,1
2010/10,16.2,8,1,20.5,8,1,12.5,8,1,166.0,0,8,1,25.0,0,8,1,94.5,0,5,2,0,1,8,1,16.4,8,1,19.3,8,3,13.8,8,3,87.0,8,1,17.5,8,1,107.4,5,3,,0,1
2010/11,10.1,8,1,14.0,8,1,6.6,8,1,177.0,0,8,1,33.0,0,8,1,86.8,0,8,2,0,1,8,1,10.4,8,1,13.4,8,3,7.9,8,3,187.5,8,1,42.0,8,1,47.5,8,3,,0,1
2010/12,5.4,8,1,8.7,8,1,2.2,8,1,313.0,0,8,1,34.0,0,8,1,22.9,0,4,2,14,0,5,1,5.7,8,1,8.3,8,3,3.0,8,3,260.5,8,1,29.5,8,1,33.4,8,3,,0,1
2011/1,0.1,8,1,2.4,8,1,-2.2,8,1,209.0,0,8,1,23.0,0,8,1,37.2,0,8,2,52,0,8,1,0.6,5,1,2.8,5,3,-1.2,5,3,25.0,5,1,5.0,5,1,24.9,5,3,,0,1
2011/2,1.9,8,1,5.4,8,1,-1.8,8,1,74.5,0,8,1,13.5,0,8,1,73.9,0,8,2,49,0,8,1,3.2,8,1,6.2,8,3,0.6,8,3,15.0,8,1,4.0,8,1,66.4,8,3,,0,1
2011/3,2.8,8,1,6.3,8,1,-0.6,8,1,103.0,0,8,1,10.0,0,8,1,86.3,0,8,2,17,0,8,1,3.1,8,1,6.6,8,3,0.5,8,3,10.0,8,1,4.0,8,1,99.9,8,3,,0,1
2011/4,9.1,8,1,13.8,8,1,4.4,8,1,116.5,0,8,1,19.0,0,8,1,159.9,0,8,2,0,1,8,1,8.5,8,1,12.3,8,3,5.1,8,3,139.0,8,1,23.0,8,1,167.1,8,3,,0,1
2011/5,15.0,8,1,19.5,8,1,10.8,8,1,216.5,0,8,1,53.5,0,8,1,162.8,0,8,2,0,1,8,1,12.9,8,1,16.7,8,3,10.1,8,3,186.5,8,1,50.0,8,1,162.7,8,3,,0,1
2011/6,20.0,8,1,24.3,8,1,16.6,8,1,391.0,0,8,1,171.0,0,8,1,161.9,0,8,2,0,1,8,1,18.0,8,1,21.9,8,3,15.2,8,3,155.0,8,1,49.0,8,1,144.0,8,3,,0,1
2011/7,25.3,8,1,29.7,8,1,21.9,8,1,140.0,0,8,1,55.5,0,8,1,208.6,0,8,2,0,1,8,1,23.6,8,1,27.6,8,3,21.1,8,3,84.0,8,1,35.5,8,1,207.6,8,3,,0,1
2011/8,25.9,5,1,30.0,5,1,22.6,5,1,332.5,0,5,1,163.0,0,5,1,187.6,0,5,2,0,1,8,1,24.8,8,1,28.4,8,3,22.5,8,3,119.0,8,1,56.5,8,1,191.8,8,3,,0,1
2011/9,22.4,8,1,26.7,8,1,18.9,8,1,341.5,0,8,1,101.5,0,8,1,141.9,0,8,2,0,1,8,1,21.4,8,1,24.5,8,3,18.9,8,3,263.0,8,1,95.0,8,1,124.8,8,3,,0,1
2011/10,15.9,8,1,20.1,8,1,11.7,8,1,108.0,0,8,1,26.0,0,8,1,145.0,0,8,2,0,1,8,1,15.6,5,1,18.8,5,3,12.8,5,3,86.0,5,1,19.5,5,1,117.7,5,3,,0,1
2011/11,10.8,8,1,14.7,8,1,7.0,8,1,133.0,0,8,1,26.0,0,8,1,100.6,0,8,2,0,1,8,1,11.1,8,1,14.1,8,3,8.3,8,3,106.0,8,1,22.0,8,1,69.9,8,3,,0,1
2011/12,3.3,8,1,5.9,8,1,0.8,8,1,196.5,0,8,1,22.0,0,8,1,29.7,0,5,2,27,0,8,1,3.3,8,1,5.6,8,3,1.3,8,3,37.5,8,1,14.0,8,1,17.6,8,3,,0,1
2012/1,0.4,8,1,2.4,8,1,-1.7,8,1,112.5,0,8,1,14.0,0,8,1,40.8,0,8,2,37,0,8,1,0.5,8,1,2.6,8,3,-1.2,8,3,32.0,8,1,11.0,8,1,31.3,8,3,,0,1
2012/2,0.1,8,1,2.9,8,1,-2.6,8,1,115.5,0,5,1,13.5,0,5,1,70.2,0,8,2,64,0,8,1,0.4,8,1,3.2,8,3,-1.8,8,3,30.5,8,1,10.0,8,1,55.2,8,3,,0,1
2012/3,4.3,8,1,7.7,8,1,1.0,8,1,190.5,0,8,1,26.0,0,8,1,86.7,0,8,2,14,0,8,1,4.4,8,1,7.4,8,3,1.5,8,3,103.5,8,1,25.5,8,1,86.6,8,3,,0,1
2012/4,10.1,8,1,14.8,8,1,5.9,8,1,118.5,0,8,1,27.5,0,8,1,174.6,0,8,2,2,0,8,1,9.2,8,1,13.5,8,3,5.8,8,3,66.5,8,1,25.5,8,1,170.3,8,3,,0,1
2012/5,15.4,8,1,19.3,8,1,11.9,8,1,133.0,0,8,1,25.5,0,8,1,180.5,0,8,2,0,1,8,1,14.0,8,1,18.1,8,3,11.3,8,3,97.0,8,1,33.0,8,1,174.9,8,3,,0,1
2012/6,19.8,8,1,23.9,8,1,16.2,8,1,50.5,0,8,1,13.5,0,8,1,236.7,0,8,2,0,1,8,1,18.5,8,1,23.3,8,3,15.2,8,3,30.5,8,1,8.0,8,1,221.7,8,3,,0,1
2012/7,24.2,8,1,27.7,8,1,21.1,8,1,153.0,0,8,1,41.0,0,8,1,181.1,0,8,2,0,1,8,1,22.9,8,1,26.6,8,3,20.4,8,3,136.5,8,1,34.0,8,1,173.0,8,3,,0,1
2012/8,27.3,8,1,31.7,8,1,23.6,8,1,44.0,0,8,1,21.0,0,8,1,280.5,0,8,2,0,1,8,1,26.2,8,1,30.7,8,3,23.1,8,3,74.0,8,1,58.0,8,1,255.5,8,3,,0,1
2012/9,24.6,8,1,29.2,8,1,21.0,8,1,173.0,0,8,1,32.0,0,8,1,207.1,0,8,2,0,1,8,1,24.0,8,1,27.9,8,3,21.2,8,3,145.5,8,1,29.0,8,1,165.5,5,3,,0,1
2012/10,16.5,8,1,20.4,8,1,12.7,8,1,226.5,0,8,1,40.5,0,8,1,129.7,0,8,2,0,1,8,1,16.4,8,1,19.9,8,3,13.4,8,3,149.0,8,1,26.5,8,1,119.2,5,3,,0,1
2012/11,9.5,8,1,12.7,8,1,6.3,8,1,431.0,0,8,1,82.5,0,8,1,44.3,0,8,2,0,1,8,1,9.8,8,1,12.7,8,3,7.3,8,3,232.5,8,1,37.5,8,1,36.0,8,3,,0,1
2012/12,3.0,8,1,6.0,8,1,0.4,8,1,240.5,0,8,1,42.0,0,8,1,35.3,0,8,2,21,0,8,1,3.2,8,1,5.9,8,3,0.8,8,3,163.5,8,1,18.0,8,1,26.0,8,3,,0,1
2013/1,0.7,8,1,3.1,8,1,-1.8,8,1,162.0,0,8,1,14.0,0,8,1,44.4,0,8,2,38,0,8,1,0.7,8,1,3.2,8,3,-1.2,8,3,110.5,8,1,16.5,8,1,30.0,8,3,,0,1
2013/2,0.4,8,1,3.5,8,1,-2.4,8,1,122.5,0,8,1,14.5,0,8,1,46.6,0,8,2,32,0,8,1,0.7,8,1,3.6,8,3,-1.7,8,3,71.0,8,1,13.5,8,1,40.4,8,3,,0,1
2013/3,4.6,8,1,9.1,8,1,0.6,8,1,116.5,0,8,1,35.0,0,8,1,103.0,0,8,2,9,0,8,1,4.5,8,1,8.5,8,3,1.2,8,3,91.0,8,1,30.0,8,1,105.1,8,3,,0,1
2013/4,9.3,8,1,13.4,8,1,5.3,8,1,158.0,0,8,1,23.0,0,8,1,155.9,0,8,2,0,1,8,1,8.2,8,1,12.4,8,3,4.9,8,3,113.0,8,1,19.0,8,1,157.8,8,3,,0,1
2013/5,15.1,8,1,19.7,5,1,11.1,8,1,65.0,0,5,1,14.5,0,5,1,162.8,0,5,2,0,1,8,1,13.5,8,1,17.7,8,3,10.4,8,3,43.5,8,1,14.5,8,1,181.7,8,3,,0,1
2013/6,21.6,8,1,26.0,8,1,17.6,8,1,28.0,0,8,1,17.5,0,8,1,247.4,0,8,2,0,1,8,1,20.2,8,1,25.5,8,3,16.6,8,3,20.0,8,1,15.5,8,1,246.4,8,3,,0,1
2013/7,23.8,8,1,27.0,8,1,21.3,8,1,785.5,0,8,1,130.5,0,8,1,85.5,0,8,2,0,1,8,1,22.3,5,1,25.4,5,3,20.4,5,3,496.0,5,1,73.0,5,1,79.7,5,3,,0,1
2013/8,26.0,8,1,30.2,8,1,22.5,8,1,229.5,0,8,1,70.0,0,8,1,175.4,0,8,2,0,1,8,1,25.1,4,1,28.9,4,3,22.4,4,3,123.0,4,1,54.5,4,1,137.8,4,3,,0,1
2013/9,21.9,8,1,26.4,8,1,17.9,8,1,146.0,0,8,1,41.5,0,8,1,194.2,0,8,2,0,1,8,1,21.1,8,1,25.0,8,3,18.1,8,3,221.0,8,1,90.5,8,1,163.0,5,3,,0,1
2013/10,17.1,8,1,20.9,8,1,13.6,8,1,228.0,0,8,1,55.0,0,8,1,116.7,0,8,2,0,1,8,1,16.7,8,1,19.8,8,3,14.1,8,3,189.0,8,1,41.5,8,1,101.5,8,3,,0,1
2013/11,9.1,8,1,13.1,8,1,5.4,8,1,415.0,0,8,1,58.0,0,8,1,81.1,0,5,2,0,1,8,1,9.9,8,1,13.1,8,3,7.0,8,3,224.5,8,1,43.0,8,1,54.3,8,3,,0,1
2013/12,4.9,8,1,7.6,8,1,2.0,8,1,271.0,0,8,1,47.0,0,8,1,31.6,0,5,2,9,0,8,1,5.3,8,1,7.8,8,3,2.9,8,3,223.0,8,1,36.5,8,1,33.1,8,3,,0,1
2014/1,1.8,8,1,4.8,8,1,-1.1,8,1,185.0,0,8,1,28.5,0,8,1,38.0,0,8,2,12,0,8,1,2.1,8,1,5.0,8,3,-0.6,8,3,106.5,8,1,12.0,8,1,31.5,8,3,,0,1
2014/2,1.5,8,1,3.9,8,1,-1.3,8,1,79.0,0,8,1,11.5,0,8,1,49.0,0,8,2,24,0,8,1,1.4,8,1,4.1,8,3,-0.8,8,3,59.5,8,1,10.5,8,1,38.8,8,3,,0,1
2014/3,5.2,8,1,8.4,8,1,1.9,8,1,149.0,0,8,1,29.0,0,8,1,102.5,0,5,2,4,0,8,1,4.7,8,1,7.9,8,3,2.0,8,3,169.0,8,1,34.5,8,1,104.0,8,3,,0,1
2014/4,10.1,8,1,14.9,8,1,5.0,8,1,34.0,0,8,1,20.5,0,8,1,224.3,0,8,2,0,1,8,1,9.5,8,1,14.0,8,3,6.0,8,3,23.5,8,1,14.0,8,1,219.0,8,3,,0,1
2014/5,16.1,8,1,20.8,8,1,12.0,8,1,106.0,0,8,1,18.5,0,8,1,202.4,0,8,2,0,1,8,1,14.2,8,1,18.3,8,3,11.4,8,3,85.0,8,1,20.0,8,1,177.0,8,3,,0,1
2014/6,21.8,8,1,26.1,8,1,18.4,8,1,84.5,0,8,1,35.5,0,8,1,221.4,0,8,2,0,1,8,1,19.6,8,1,24.0,8,3,16.6,8,3,62.0,8,1,19.5,8,1,186.9,8,3,,0,1
2014/7,24.4,8,1,28.4,8,1,21.1,8,1,95.0,0,8,1,32.0,0,8,1,202.2,0,8,2,0,1,8,1,23.1,8,1,27.2,8,3,20.3,8,3,177.5,8,1,58.5,8,1,194.9,8,3,,0,1
2014/8,25.1,8,1,29.0,8,1,22.2,8,1,197.0,0,8,1,50.0,0,8,1,115.8,0,8,2,0,1,8,1,24.0,8,1,27.5,8,3,21.8,8,3,154.5,8,1,47.5,8,1,106.3,5,3,,0,1
2014/9,20.6,8,1,25.2,8,1,16.7,8,1,161.0,0,8,1,57.5,0,8,1,217.9,0,8,2,0,1,8,1,20.0,8,1,24.1,8,3,17.1,8,3,131.0,8,1,43.5,8,1,187.0,8,3,,0,1
2014/10,14.8,8,1,19.4,8,1,10.5,8,1,238.5,0,8,1,44.5,0,8,1,169.4,0,8,2,0,1,8,1,14.9,5,1,18.2,5,3,11.8,5,3,213.5,5,1,51.5,5,1,115.9,5,3,,0,1
2014/11,10.0,8,1,14.2,8,1,5.9,8,1,153.5,0,8,1,45.5,0,8,1,98.1,0,8,2,0,1,8,1,10.5,8,1,13.5,8,3,7.9,8,3,136.5,8,1,34.5,8,1,69.5,8,3,,0,1
2014/12,2.7,8,1,5.6,8,1,-0.1,8,1,288.0,0,8,1,31.5,0,8,1,15.7,0,8,2,18,0,8,1,3.2,8,1,5.7,8,3,0.7,8,3,142.0,8,1,18.5,8,1,12.4,8,3,,0,1
2015/1,2.2,8,1,4.6,8,1,-0.4,8,1,151.0,0,8,1,45.5,0,8,1,29.7,0,8,2,10,0,8,1,2.5,8,1,4.8,8,3,0.2,8,3,66.5,8,1,14.0,8,1,28.0,8,3,,0,1
2015/2,3.1,8,1,6.0,8,1,0.2,8,1,81.5,0,8,1,13.5,0,8,1,67.7,0,8,2,6,0,8,1,3.1,8,1,6.2,8,3,0.7,8,3,67.0,8,1,9.5,8,1,72.2,8,3,,0,1
2015/3,6.4,8,1,10.3,8,1,2.5,8,1,101.0,0,8,1,24.5,0,8,1,134.6,0,8,2,3,0,8,1,6.2,8,1,9.6,8,3,3.3,8,3,75.0,8,1,16.0,8,1,134.4,8,3,,0,1
2015/4,11.4,8,1,16.2,8,1,6.6,8,1,138.5,0,8,1,29.0,0,8,1,184.2,0,8,2,0,1,8,1,10.3,8,1,14.3,8,3,7.3,8,3,105.0,8,1,39.0,8,1,175.9,8,3,,0,1
2015/5,17.5,8,1,22.7,8,1,12.6,8,1,58.5,0,8,1,24.0,0,8,1,250.5,0,8,2,0,1,8,1,15.7,8,1,20.6,8,3,11.9,8,3,33.0,8,1,15.0,8,1,242.8,8,3,,0,1
2015/6,20.6,8,1,25.1,8,1,16.7,8,1,79.0,0,8,1,30.5,0,8,1,215.8,0,8,2,0,1,8,1,18.8,8,1,23.2,8,3,15.6,8,3,64.0,8,1,30.5,8,1,192.6,8,3,,0,1
2015/7,24.4,8,1,28.5,8,1,21.0,8,1,80.5,0,8,1,39.0,0,8,1,202.6,0,8,2,0,1,8,1,22.6,8,1,26.9,8,3,20.0,8,3,64.5,8,1,34.5,8,1,185.1,8,3,,0,1
2015/8,25.0,8,1,29.1,8,1,21.7,8,1,135.5,0,8,1,52.5,0,8,1,186.3,0,8,2,0,1,8,1,24.2,8,1,28.3,8,3,21.6,8,3,98.5,8,1,29.0,8,1,177.0,8,3,,0,1
2015/9,20.5,8,1,24.6,8,1,16.8,8,1,186.5,0,8,1,29.5,0,8,1,132.1,0,8,2,0,1,8,1,19.8,8,1,23.6,8,3,17.0,8,3,115.0,8,1,19.0,8,1,123.6,8,3,,0,1
2015/10,14.5,8,1,19.0,8,1,9.9,8,1,182.0,0,8,1,26.5,0,8,1,173.8,0,8,2,0,1,8,1,14.3,8,1,18.0,8,3,11.3,8,3,118.0,5,1,43.5,5,1,139.2,5,3,,0,1
2015/11,10.7,8,1,14.3,8,1,7.2,8,1,204.0,0,8,1,44.5,0,8,1,84.0,0,8,2,0,1,8,1,10.9,8,1,13.8,8,3,8.4,8,3,160.0,8,1,37.5,8,1,57.8,8,3,,0,1
2015/12,5.7,8,1,8.8,8,1,2.5,8,1,200.5,0,8,1,41.0,0,8,1,58.1,0,8,2,10,0,8,1,6.1,8,1,8.5,8,3,3.6,8,3,159.5,8,1,37.0,8,1,45.8,8,3,,0,1
2016/1,2.3,8,1,4.6,8,1,0.2,8,1,212.0,0,8,1,23.5,0,8,1,15.2,0,8,2,38,0,8,1,2.4,8,1,4.5,8,3,0.6,8,3,105.0,8,1,11.0,8,1,16.1,8,3,,0,1
2016/2,2.5,8,1,5.7,8,1,-0.2,8,1,153.0,0,8,1,20.0,0,8,1,67.4,0,8,2,23,0,8,1,2.6,8,1,5.6,8,3,0.1,8,3,134.5,8,1,20.0,8,1,51.3,8,3,,0,1
2016/3,6.0,8,1,9.8,8,1,2.1,8,1,67.5,0,8,1,12.0,0,8,1,153.9,0,8,2,5,0,8,1,5.9,8,1,9.6,8,3,2.8,8,3,51.0,8,1,9.0,8,1,147.2,8,3,,0,1
2016/4,11.0,8,1,15.5,8,1,6.7,8,1,146.0,0,8,1,36.5,0,8,1,184.7,0,8,2,0,1,8,1,10.0,8,1,13.9,8,3,7.0,8,3,105.5,8,1,32.0,8,1,166.6,8,3,,0,1
2016/5,17.5,8,1,22.0,8,1,13.0,8,1,110.0,0,8,1,20.5,0,8,1,224.3,0,8,2,0,1,8,1,15.6,8,1,20.5,8,3,12.3,8,3,81.5,8,1,16.0,8,1,210.3,8,3,,0,1
2016/6,20.4,8,1,24.3,8,1,16.8,8,1,143.5,0,8,1,37.5,0,8,1,173.7,0,8,2,0,1,8,1,18.4,5,1,22.5,5,3,15.3,5,3,62.0,5,1,25.5,5,1,151.6,5,3,,0,1
2016/7,23.7,8,1,27.6,8,1,20.6,8,1,116.5,0,8,1,48.0,0,8,1,155.1,0,8,2,0,1,8,1,22.1,8,1,25.9,8,3,19.6,8,3,104.0,8,1,53.0,8,1,148.5,8,3,,0,1
2016/8,26.4,8,1,31.1,8,1,22.2,8,1,235.5,0,8,1,106.5,0,8,1,273.6,0,8,2,0,1,8,1,25.0,5,1,29.8,5,3,21.8,5,3,117.5,5,1,61.5,5,1,237.2,5,3,,0,1
2016/9,22.7,8,1,26.8,8,1,19.4,8,1,97.5,0,8,1,18.5,0,8,1,141.6,0,8,2,0,1,8,1,21.7,8,1,24.8,8,3,19.2,8,3,76.5,5,1,18.5,5,1,124.4,5,3,,0,1
2016/10,15.2,8,1,19.3,8,1,11.1,8,1,161.0,0,8,1,31.0,0,8,1,125.7,0,8,2,0,1,8,1,14.7,8,1,18.2,8,3,11.5,8,3,112.0,8,1,22.0,8,1,115.6,5,3,,0,1
2016/11,8.5,8,1,12.2,8,1,4.9,8,1,155.5,0,8,1,22.0,0,8,1,78.7,0,8,2,0,1,8,1,8.5,8,1,11.6,8,3,5.5,8,3,93.5,8,1,10.0,8,1,46.4,8,3,,0,1
2016/12,5.5,8,1,8.9,8,1,2.2,8,1,228.5,0,8,1,32.5,0,8,1,53.9,0,8,2,6,0,8,1,5.8,8,1,8.9,8,3,3.1,8,3,159.5,8,1,24.5,8,1,53.2,8,3,,0,1
2017/1,2.3,8,1,4.8,8,1,-0.6,8,1,196.0,0,8,1,24.5,0,8,1,47.8,0,8,2,28,0,8,1,2.5,8,1,5.0,8,3,0.1,8,3,115.0,8,1,17.0,8,1,40.6,8,3,,0,1
2017/2,2.8,8,1,5.8,8,1,0.0,8,1,156.0,0,8,1,22.0,0,8,1,52.6,0,8,2,8,0,8,1,2.8,8,1,5.6,8,3,0.1,8,3,127.0,8,1,31.5,8,1,41.3,8,3,,0,1
2017/3,5.2,8,1,8.9,8,1,1.6,8,1,85.5,0,8,1,18.0,0,8,1,135.1,0,8,2,5,0,8,1,5.0,8,1,8.6,8,3,2.0,8,3,67.5,8,1,14.0,8,1,133.8,8,3,,0,1
2017/4,10.5,8,1,15.4,8,1,6.1,8,1,100.0,0,8,1,38.5,0,8,1,166.8,0,8,2,0,1,8,1,9.6,8,1,13.6,8,3,6.5,8,3,83.0,8,1,31.5,8,1,152.2,8,3,,0,1
2017/5,16.3,8,1,20.9,8,1,11.8,8,1,96.5,0,8,1,21.0,0,8,1,229.5,0,8,2,0,1,8,1,14.9,8,1,19.2,8,3,11.8,8,3,61.5,8,1,18.5,8,1,199.6,8,3,,0,1
2017/6,18.0,8,1,21.7,8,1,14.4,8,1,93.0,0,8,1,27.5,0,8,1,162.1,0,8,2,0,1,8,1,16.3,8,1,20.2,8,3,13.3,8,3,69.0,8,1,18.0,8,1,160.1,8,3,,0,1
2017/7,24.9,8,1,28.6,8,1,21.7,8,1,274.5,0,8,1,72.0,0,8,1,189.0,0,8,2,0,1,8,1,23.3,8,1,27.2,8,3,20.9,8,3,265.5,8,1,99.0,8,1,176.6,5,3,,0,1
2017/8,25.3,8,1,29.4,8,1,21.8,8,1,184.0,0,8,1,68.5,0,8,1,190.8,0,8,2,0,1,8,1,23.9,8,1,27.7,8,3,21.1,8,3,183.5,8,1,54.5,8,1,173.0,8,3,,0,1
2017/9,20.5,8,1,25.1,8,1,16.4,8,1,154.0,0,8,1,49.0,0,8,1,169.4,0,8,2,0,1,8,1,20.1,8,1,24.0,8,3,17.1,8,3,124.0,8,1,28.5,8,1,160.2,8,3,,0,1
2017/10,15.2,8,1,18.8,8,1,11.8,8,1,177.0,0,8,1,39.0,0,8,1,82.8,0,8,2,0,1,8,1,14.9,8,1,17.7,8,3,12.4,8,3,155.0,8,1,33.5,8,1,63.3,8,3,,0,1
2017/11,8.8,8,1,12.5,8,1,5.2,8,1,215.5,0,8,1,40.5,0,8,1,82.9,0,8,2,0,1,8,1,9.3,8,1,12.5,8,3,6.4,8,3,134.5,8,1,21.5,8,1,59.9,8,3,,0,1
2017/12,3.0,8,1,5.5,8,1,0.5,8,1,298.5,0,8,1,31.5,0,8,1,19.9,0,8,2,6,0,8,1,3.6,8,1,6.3,8,3,0.9,8,3,178.5,8,1,27.0,8,1,20.7,8,3,,0,1
2018/1,1.2,8,1,4.1,8,1,-1.5,8,1,196.5,0,8,1,16.0,0,8,1,33.2,0,8,2,28,0,8,1,1.4,8,1,4.0,8,3,-0.9,8,3,92.0,8,1,13.0,8,1,24.9,8,3,,0,1
2018/2,0.7,8,1,3.9,8,1,-2.3,8,1,139.5,0,8,1,22.0,0,8,1,73.5,0,8,2,24,0,8,1,0.9,8,1,4.0,8,3,-1.3,8,3,88.0,8,1,22.0,8,1,59.7,8,3,,0,1
2018/3,6.2,8,1,10.9,8,1,1.7,8,1,102.5,0,8,1,32.5,0,8,1,143.8,0,8,2,0,1,8,1,5.7,8,1,9.5,8,3,2.5,8,3,119.0,8,1,34.5,8,1,109.3,8,3,,0,1
2018/4,11.0,8,1,15.4,8,1,7.0,8,1,145.5,0,8,1,33.0,0,8,1,144.6,0,8,2,0,1,8,1,9.7,8,1,13.6,8,3,6.8,8,3,110.5,8,1,25.5,8,1,130.9,8,3,,0,1
2018/5,15.9,8,1,20.4,8,1,12.0,8,1,211.0,0,8,1,91.0,0,8,1,157.5,0,8,2,0,1,8,1,14.2,8,1,18.3,8,3,11.4,8,3,153.5,8,1,63.5,8,1,142.5,8,3,,0,1
2018/6,20.2,8,1,24.3,8,1,16.5,8,1,84.5,0,8,1,43.5,0,8,1,176.2,0,8,2,0,1,8,1,18.3,8,1,22.2,8,3,15.4,8,3,132.5,8,1,46.5,8,1,143.4,8,3,,0,1
2018/7,26.0,8,1,30.1,8,1,22.8,8,1,80.5,0,8,1,37.0,0,8,1,207.0,0,8,2,0,1,8,1,23.9,8,1,27.7,8,3,21.5,8,3,121.5,8,1,66.5,8,1,168.7,8,3,,0,1
2018/8,25.4,8,1,29.7,8,1,21.7,8,1,553.0,0,8,1,169.5,0,8,1,180.5,0,8,2,0,1,8,1,24.1,8,1,27.8,8,3,21.3,8,3,217.5,8,1,91.0,8,1,151.2,8,3,,0,1
2018/9,21.0,8,1,25.0,8,1,17.5,8,1,205.0,0,8,1,46.5,0,8,1,136.2,0,8,2,0,1,8,1,20.4,8,1,23.5,8,3,17.9,8,3,189.5,8,1,44.5,8,1,108.9,5,3,,0,1
2018/10,16.1,8,1,20.6,8,1,12.2,8,1,260.5,0,8,1,48.5,0,8,1,139.2,0,8,2,0,1,8,1,16.1,8,1,19.5,8,3,13.3,8,3,139.0,8,1,29.5,8,1,118.3,8,3,,0,1
2018/11,13.0,4,1,17.6,4,1,8.7,4,1,39.0,0,4,1,13.5,0,4,1,37.9,0,4,2,,,1,1,,0,1,,0,3,,0,3,,0,1,,0,1,,0,3,,0,1
